FSSAI_Chemical_Score,Quality_Score_0_100,Peroxidase_Activity,ENose_Sensor_S02,Formalin_Test,ENose_Sensor_S01,Formaldehyde_ppm,FFA_Linoleic_C18_2_pct,Adulteration_Index,Adulterated
100.0,95.4,1,0.2235,0,0.2797,0.0065,3.4665,0.0,0
100.0,94.29,1,0.2234,0,0.2399,0.027,2.3639,0.0,0
97.78,97.56,1,0.2936,0,0.2296,0.0308,1.691,0.0,0
97.37,95.29,1,0.2544,0,0.2467,0.0254,1.7313,0.037,0
97.52,94.89,1,0.2788,0,0.261,0.0259,2.696,0.0447,0
98.8,93.57,1,0.2786,0,0.2563,0.0081,1.707,0.0,0
100.0,87.11,1,0.2441,0,0.2013,0.0299,2.6577,0.0407,0
100.0,93.18,1,0.2126,0,0.2627,0.0488,3.0312,0.046,0
100.0,96.02,1,0.2023,0,0.2672,0.0488,1.6006,0.0128,0
100.0,89.82,1,0.2264,0,0.2352,0.0175,2.3274,0.0,0
97.15,88.79,1,0.23,0,0.2229,0.0364,1.857,0.0,0
100.0,89.76,1,0.2289,0,0.2325,0.0221,2.0634,0.0,0
100.0,91.93,1,0.2345,0,0.2545,0.0069,2.1587,0.004,0
98.48,90.15,1,0.203,0,0.2426,0.037,3.5782,0.0,0
100.0,79.86,1,0.2577,0,0.2521,0.0172,2.7251,0.021,0
22.81,70.63,1,0.2242,0,0.2496,0.038,2.305,0.7768,1
100.0,95.6,1,0.2711,0,0.2716,0.019,1.8828,0.0103,0
97.71,93.78,1,0.2184,0,0.2717,0.0088,2.8477,0.0,0
100.0,89.65,1,0.2187,0,0.2427,0.0427,2.6638,0.0444,0
100.0,88.61,1,0.2966,0,0.2161,0.0026,2.5697,0.0,0
97.64,99.23,1,0.2698,0,0.2648,0.0183,2.2651,0.0235,0
98.17,87.71,1,0.2388,0,0.2216,0.0336,3.425,0.0227,0
100.0,92.57,1,0.2009,0,0.2322,0.0443,3.0448,0.0262,0
97.62,91.3,1,0.2655,0,0.2465,0.0081,3.7859,0.0,0
100.0,94.73,1,0.2302,0,0.2049,0.0048,2.325,0.0,0
100.0,91.81,1,0.2211,0,0.2558,0.0151,2.8544,0.0,0
97.91,85.01,1,0.2816,0,0.2362,0.0128,1.8228,0.0078,0
29.32,61.66,1,0.2187,0,0.2853,0.0347,3.5619,0.703,1
100.0,97.53,1,0.2308,0,0.2095,0.0119,2.5877,0.0,0
100.0,94.36,1,0.2677,0,0.2459,0.0312,3.7503,0.0,0
97.96,88.51,1,0.2715,0,0.2376,0.0328,3.492,0.0507,0
98.96,91.82,1,0.2104,0,0.2867,0.0403,3.8289,0.0,0
98.52,93.42,1,0.2983,0,0.2891,0.0302,3.06,0.0189,0
99.07,92.77,1,0.2706,0,0.2325,0.046,3.0843,0.0,0
99.07,92.79,1,0.2146,0,0.2743,0.0346,1.7522,0.0386,0
100.0,93.77,1,0.238,0,0.2089,0.0121,1.5521,0.0256,0
98.54,97.96,1,0.2836,0,0.2899,0.047,2.0659,0.0212,0
97.62,95.47,1,0.2105,0,0.2429,0.0095,1.6493,0.0,0
98.64,95.1,1,0.2011,0,0.2256,0.0093,3.7771,0.0,0
99.46,93.33,1,0.2273,0,0.2389,0.0371,2.4129,0.0,0
100.0,98.62,1,0.2866,0,0.203,0.026,1.9413,0.0,0
99.14,91.8,1,0.2382,0,0.2269,0.008,2.5352,0.0437,0
98.22,85.91,1,0.2566,0,0.2647,0.0057,2.6454,0.0413,0
100.0,92.97,1,0.2005,0,0.2843,0.0085,2.098,0.0504,0
100.0,90.54,1,0.2066,0,0.2848,0.0463,3.4796,0.0,0
99.92,91.08,1,0.2686,0,0.2234,0.0293,1.7728,0.0045,0
100.0,91.31,1,0.2185,0,0.2591,0.0365,3.5554,0.0,0
100.0,89.16,1,0.2476,0,0.2214,0.0064,3.7754,0.0,0
97.53,91.09,1,0.2612,0,0.2951,0.019,1.8619,0.0401,0
100.0,90.21,1,0.2912,0,0.2151,0.0278,1.5155,0.0011,0
100.0,94.38,1,0.2348,0,0.2171,0.0255,3.0224,0.0,0
100.0,89.29,1,0.2011,0,0.2631,0.0186,2.8499,0.0,0
99.98,91.72,1,0.2759,0,0.2641,0.0048,2.586,0.0,0
99.13,91.09,1,0.2057,0,0.206,0.0341,2.4646,0.0186,0
100.0,95.23,1,0.2104,0,0.2845,0.0299,2.5865,0.008,0
97.66,90.39,1,0.2087,0,0.2429,0.021,2.0099,0.0515,0
98.25,93.75,1,0.2971,0,0.2236,0.0464,2.5148,0.052,0
97.64,90.08,1,0.2325,0,0.2488,0.0378,3.7801,0.0236,0
99.83,93.5,1,0.2391,0,0.2181,0.0182,2.1499,0.0433,0
98.83,95.07,1,0.215,0,0.2508,0.0026,3.6029,0.0456,0
98.23,92.65,1,0.2818,0,0.2496,0.04,1.8602,0.0342,0
97.14,86.88,1,0.2404,0,0.299,0.022,2.8111,0.0275,0
100.0,90.9,1,0.289,0,0.2509,0.0236,3.4493,0.0108,0
50.94,49.58,1,0.2661,0,0.2438,0.0294,2.0284,0.596,1
99.36,87.55,1,0.2102,0,0.2904,0.033,2.7537,0.0171,0
77.21,59.11,1,0.2749,0,0.2559,0.0304,3.3499,0.6324,1
99.63,92.65,1,0.2315,0,0.2194,0.0141,1.9419,0.0,0
57.82,54.44,1,0.2254,0,0.2624,0.0089,3.1211,0.6601,1
97.48,94.74,1,0.2203,0,0.2754,0.0014,2.8357,0.0,0
50.91,50.67,1,0.7586,0,0.7304,0.0007,2.1332,0.7102,1
99.21,90.72,1,0.2625,0,0.2695,0.0444,2.0128,0.0048,0
100.0,94.62,1,0.211,0,0.2761,0.0497,3.991,0.0507,0
97.32,91.17,1,0.2258,0,0.2253,0.0179,2.683,0.0023,0
100.0,88.9,1,0.257,0,0.2077,0.0107,3.4341,0.0047,0
67.1,53.15,1,0.2199,0,0.2087,0.02,3.219,0.608,1
98.61,93.38,1,0.2184,0,0.2114,0.0052,2.8801,0.0262,0
99.66,97.65,1,0.2544,0,0.2918,0.0315,3.9292,0.0205,0
99.14,93.84,1,0.2991,0,0.2765,0.0113,1.8428,0.0264,0
98.9,90.13,1,0.2551,0,0.2918,0.0159,3.8408,0.0336,0
100.0,91.92,1,0.2349,0,0.2949,0.0428,2.9338,0.0241,0
100.0,92.94,1,0.2,0,0.2633,0.0285,3.9738,0.0,0
99.19,90.88,1,0.2163,0,0.2404,0.0067,2.3956,0.0,0
100.0,93.43,1,0.2366,0,0.2246,0.0048,1.7911,0.0483,0
98.37,90.37,1,0.2761,0,0.2211,0.0327,2.0522,0.0,0
100.0,95.69,1,0.2563,0,0.2897,0.0081,2.4391,0.008,0
98.45,96.55,1,0.2719,0,0.2806,0.0098,3.428,0.0,0
97.41,87.25,1,0.2719,0,0.206,0.0301,2.0771,0.0,0
98.8,95.48,1,0.2581,0,0.2174,0.0455,3.8495,0.0099,0
99.39,94.51,1,0.208,0,0.2469,0.0271,2.4422,0.0,0
99.03,89.38,1,0.2724,0,0.2617,0.0234,2.9785,0.0266,0
100.0,94.01,1,0.2732,0,0.2378,0.0429,1.6874,0.0503,0
100.0,91.54,1,0.2412,0,0.2711,0.0147,2.8365,0.0,0
100.0,91.01,1,0.2843,0,0.232,0.0017,3.4201,0.0449,0
99.72,91.11,1,0.2888,0,0.2608,0.0279,3.1213,0.0,0
97.64,92.16,1,0.2733,0,0.2818,0.0066,3.1624,0.0395,0
100.0,98.55,1,0.2158,0,0.232,0.003,2.9703,0.0184,0
100.0,94.03,1,0.2776,0,0.2004,0.0049,3.9887,0.0169,0
25.68,55.49,1,0.2898,0,0.2372,0.0055,2.499,0.7032,1
100.0,94.09,1,0.2872,0,0.2175,0.0328,2.7199,0.0,0
98.35,92.47,1,0.2917,0,0.2664,0.0291,2.6557,0.0,0
100.0,90.85,1,0.2886,0,0.2064,0.016,2.1403,0.0012,0
71.14,61.51,1,0.2688,0,0.2571,0.0122,2.455,0.581,1
100.0,92.17,1,0.2745,0,0.2624,0.0,2.8291,0.0,0
97.3,97.81,1,0.2074,0,0.2445,0.0079,3.106,0.0,0
99.71,90.18,1,0.2029,0,0.287,0.0288,2.3965,0.0004,0
100.0,93.14,1,0.29,0,0.2225,0.0278,2.5749,0.0,0
99.9,94.82,1,0.2007,0,0.2732,0.0368,2.8866,0.0033,0
99.78,97.34,1,0.2506,0,0.234,0.0016,3.8763,0.0168,0
99.22,94.48,1,0.2751,0,0.2063,0.0398,2.9499,0.0238,0
97.98,91.14,1,0.2535,0,0.2014,0.0291,2.6586,0.0319,0
100.0,96.86,1,0.286,0,0.2838,0.0136,2.4922,0.0,0
100.0,89.93,1,0.2922,0,0.2844,0.0218,3.9995,0.0001,0
98.93,97.3,1,0.2308,0,0.2741,0.04,3.9889,0.0,0
100.0,92.24,1,0.2556,0,0.262,0.0243,3.7628,0.0091,0
99.87,90.82,1,0.203,0,0.2741,0.0354,1.7689,0.0,0
98.73,93.15,1,0.2404,0,0.273,0.0204,2.2544,0.0,0
100.0,97.66,1,0.2767,0,0.2519,0.0273,2.9533,0.0,0
99.75,92.18,1,0.2198,0,0.2448,0.0416,3.3277,0.0,0
98.06,95.39,1,0.2711,0,0.2067,0.0248,3.6468,0.0153,0
99.99,91.7,1,0.2055,0,0.2471,0.0282,2.6563,0.0,0
100.0,98.3,1,0.2766,0,0.2529,0.0211,3.7639,0.0001,0
98.69,94.53,1,0.2328,0,0.2402,0.0095,3.7812,0.0,0
100.0,85.8,1,0.2948,0,0.2153,0.0487,1.7155,0.0,0
97.48,95.54,1,0.2993,0,0.2109,0.001,3.9579,0.0466,0
100.0,89.67,1,0.2001,0,0.249,0.0062,3.8481,0.0,0
98.0,95.71,1,0.2464,0,0.2509,0.0356,2.7174,0.0,0
100.0,88.12,1,0.2437,0,0.2784,0.037,2.1021,0.0205,0
99.86,92.66,1,0.2345,0,0.207,0.0078,2.288,0.0392,0
100.0,93.86,1,0.2361,0,0.278,0.0317,1.9999,0.0074,0
98.72,90.42,1,0.2475,0,0.2237,0.0442,3.7918,0.0327,0
100.0,97.94,1,0.2547,0,0.223,0.04,3.0978,0.021,0
97.73,95.7,1,0.2295,0,0.2449,0.0002,2.4016,0.0,0
100.0,92.75,1,0.2691,0,0.2978,0.002,2.1238,0.0048,0
99.7,90.94,1,0.2932,0,0.2982,0.0233,1.6371,0.0114,0
100.0,89.53,1,0.2243,0,0.2798,0.0176,2.6764,0.0,0
97.3,97.65,1,0.2586,0,0.256,0.0047,2.0711,0.0,0
100.0,98.53,1,0.2352,0,0.2791,0.0096,1.5256,0.0367,0
100.0,92.66,1,0.2541,0,0.297,0.0471,2.1881,0.052,0
100.0,85.54,1,0.2803,0,0.2762,0.0184,2.1658,0.0457,0
99.14,98.4,1,0.2011,0,0.2808,0.0111,3.0032,0.0426,0
99.66,86.69,1,0.2095,0,0.2798,0.0081,2.4068,0.0409,0
100.0,97.46,1,0.2956,0,0.2186,0.0295,1.5211,0.0516,0
98.73,99.63,1,0.2216,0,0.2644,0.0232,3.303,0.0,0
100.0,92.96,1,0.2478,0,0.2908,0.0171,3.0134,0.0174,0
99.78,91.86,1,0.2799,0,0.2968,0.0184,1.5819,0.0136,0
99.9,92.55,1,0.2023,0,0.2289,0.0101,3.7479,0.0304,0
97.63,94.76,1,0.2431,0,0.2632,0.0373,2.8775,0.0,0
100.0,90.33,1,0.2136,0,0.2759,0.0374,3.7518,0.0428,0
97.57,92.57,1,0.2741,0,0.2456,0.0016,2.5719,0.0,0
100.0,85.79,1,0.2212,0,0.233,0.0108,1.7702,0.0072,0
97.34,97.79,1,0.235,0,0.2338,0.0031,2.0921,0.0103,0
100.0,91.56,1,0.2644,0,0.2441,0.0044,3.3728,0.0486,0
100.0,79.72,1,0.2382,0,0.282,0.0479,3.9617,0.0181,0
97.8,99.38,1,0.2205,0,0.2128,0.0228,2.0709,0.0436,0
99.54,95.41,1,0.2856,0,0.2716,0.01,2.3587,0.0,0
100.0,87.2,1,0.2626,0,0.225,0.0483,1.7939,0.049,0
99.23,94.27,1,0.2759,0,0.2786,0.0238,1.7515,0.0,0
98.14,97.96,1,0.2952,0,0.227,0.0343,3.1049,0.0085,0
100.0,90.25,1,0.2527,0,0.2803,0.0479,2.6304,0.0,0
100.0,92.2,1,0.2758,0,0.2161,0.0465,3.1123,0.0,0
98.55,95.02,1,0.2721,0,0.2434,0.0482,2.8502,0.0113,0
100.0,86.26,1,0.2479,0,0.2978,0.042,2.6555,0.0494,0
100.0,96.14,1,0.2785,0,0.2887,0.035,3.6795,0.0,0
97.77,93.69,1,0.2927,0,0.2081,0.0105,2.049,0.0011,0
100.0,94.9,1,0.2396,0,0.2971,0.0091,3.6391,0.0292,0
100.0,93.52,1,0.2115,0,0.2816,0.0176,3.7814,0.0,0
98.93,94.35,1,0.2369,0,0.285,0.045,1.5399,0.0,0
100.0,95.17,1,0.2469,0,0.2746,0.0124,2.904,0.0,0
100.0,88.51,1,0.2911,0,0.2385,0.0105,3.0576,0.0143,0
100.0,89.9,1,0.2421,0,0.2202,0.0288,3.6655,0.0481,0
100.0,86.17,1,0.2111,0,0.283,0.0116,3.2259,0.0,0
98.68,89.36,1,0.2923,0,0.2014,0.029,3.8206,0.0466,0
100.0,93.1,1,0.2227,0,0.2624,0.0326,2.1029,0.0,0
100.0,88.02,1,0.2075,0,0.2828,0.0177,2.9986,0.0,0
97.0,100.0,1,0.2551,0,0.2352,0.0227,3.6173,0.0033,0
68.92,55.45,0,0.242,0,0.2597,0.0234,2.8555,0.698,1
62.2,57.99,1,0.2068,0,0.2477,0.006,2.0292,0.6471,1
100.0,90.29,1,0.2999,0,0.2859,0.0056,3.5587,0.0,0
97.27,89.5,1,0.2879,0,0.2772,0.0074,2.9887,0.0,0
100.0,88.9,1,0.2054,0,0.2141,0.0379,2.9831,0.0006,0
97.14,91.25,1,0.2252,0,0.2394,0.0384,3.4818,0.0,0
100.0,93.08,1,0.2571,0,0.2611,0.0215,1.9514,0.0401,0
97.2,92.96,1,0.2653,0,0.2113,0.0014,3.9276,0.0,0
100.0,91.87,1,0.2093,0,0.299,0.0007,3.4344,0.0218,0
99.42,99.2,1,0.2554,0,0.2997,0.048,2.8594,0.0477,0
100.0,85.21,1,0.2984,0,0.236,0.0114,3.0709,0.0101,0
100.0,94.42,1,0.2351,0,0.2905,0.0084,2.0734,0.0,0
99.5,95.06,1,0.226,0,0.2839,0.0042,1.5208,0.0,0
98.93,87.72,1,0.2682,0,0.2183,0.035,3.2082,0.0341,0
100.0,92.4,1,0.2105,0,0.2593,0.0364,3.7971,0.0454,0
100.0,98.61,1,0.2809,0,0.225,0.0479,3.1406,0.0,0
100.0,92.91,1,0.218,0,0.2214,0.0421,2.4141,0.0,0
100.0,96.58,1,0.2411,0,0.2667,0.0012,3.5378,0.0,0
100.0,89.67,1,0.212,0,0.2044,0.0407,1.7481,0.0255,0
99.53,89.4,1,0.2098,0,0.2227,0.0484,3.9553,0.0199,0
98.9,95.38,1,0.246,0,0.2105,0.0263,2.6116,0.048,0
99.0,85.88,1,0.2536,0,0.2165,0.0082,3.5283,0.0,0
100.0,94.4,1,0.2231,0,0.2061,0.0116,3.7423,0.0,0
100.0,90.93,1,0.2312,0,0.2085,0.0419,2.5014,0.0,0
100.0,91.15,1,0.2431,0,0.2569,0.0483,3.5686,0.0145,0
98.17,94.54,1,0.2856,0,0.2951,0.0478,2.4381,0.0401,0
100.0,97.06,1,0.2981,0,0.2002,0.0248,2.0937,0.0407,0
100.0,86.39,1,0.2832,0,0.2829,0.0308,3.5429,0.0468,0
100.0,91.3,1,0.2653,0,0.2925,0.0334,2.0209,0.0315,0
100.0,93.73,1,0.2849,0,0.2398,0.0212,2.2927,0.0,0
76.18,60.66,1,0.2681,0,0.2128,0.0469,2.6489,0.6203,1
100.0,90.71,1,0.2018,0,0.2462,0.0409,2.5089,0.0,0
100.0,93.21,1,0.2737,0,0.2816,0.0067,2.2403,0.0,0
98.95,89.53,1,0.256,0,0.2538,0.0066,1.7887,0.0433,0
98.59,94.06,1,0.282,0,0.2615,0.028,2.2006,0.0,0
72.26,67.52,1,0.2504,0,0.2258,0.0268,2.7861,0.6454,1
97.19,93.64,1,0.2894,0,0.2906,0.0009,1.5918,0.0,0
97.9,93.51,1,0.2004,0,0.2448,0.0228,2.1122,0.0,0
100.0,95.1,1,0.2588,0,0.2097,0.0474,2.9042,0.0184,0
100.0,94.4,1,0.2874,0,0.2224,0.0223,2.8568,0.029,0
100.0,92.92,1,0.2993,0,0.2614,0.0336,3.7177,0.0003,0
100.0,90.62,1,0.2671,0,0.2877,0.0352,2.2861,0.0,0
98.24,89.86,1,0.2073,0,0.282,0.0015,2.2216,0.0445,0
100.0,96.26,1,0.2047,0,0.2161,0.0139,2.4385,0.0,0
69.06,50.41,1,0.2168,0,0.2088,0.0469,3.2895,0.5773,1
97.37,96.01,1,0.2468,0,0.2107,0.0255,1.9567,0.0,0
100.0,96.8,1,0.2623,0,0.2242,0.0489,1.8159,0.0,0
100.0,96.84,1,0.229,0,0.2406,0.0448,2.1865,0.0,0
97.12,95.9,1,0.2648,0,0.2859,0.014,2.9614,0.0,0
98.36,93.49,1,0.2794,0,0.256,0.0133,1.5832,0.0,0
100.0,99.12,1,0.2316,0,0.2954,0.0177,3.5494,0.0258,0
100.0,88.86,1,0.252,0,0.2891,0.0255,2.3327,0.0345,0
100.0,93.14,1,0.276,0,0.2978,0.0448,1.9866,0.0308,0
97.31,93.97,1,0.299,0,0.2257,0.0251,3.5668,0.0167,0
98.58,91.43,1,0.2234,0,0.2565,0.0392,3.8637,0.0,0
100.0,90.6,1,0.2436,0,0.2319,0.0289,1.5429,0.0,0
100.0,91.76,1,0.2019,0,0.2417,0.0114,3.2051,0.0401,0
100.0,87.32,1,0.2648,0,0.2322,0.0211,2.3952,0.0085,0
99.2,97.89,1,0.2041,0,0.2017,0.0206,2.9599,0.0,0
100.0,95.06,1,0.2777,0,0.289,0.0496,2.9599,0.037,0
100.0,87.11,1,0.2352,0,0.281,0.0275,3.8771,0.0,0
100.0,95.76,1,0.232,0,0.2584,0.0038,3.3776,0.0,0
100.0,99.84,1,0.2587,0,0.2547,0.0287,2.6549,0.0343,0
75.53,63.6,1,0.221,0,0.206,0.0283,3.4118,0.6079,1
100.0,96.3,1,0.2567,0,0.2505,0.024,2.5071,0.0,0
97.81,92.33,1,0.237,0,0.2308,0.016,1.5685,0.0,0
98.57,90.79,1,0.2099,0,0.2003,0.0124,1.9655,0.0242,0
99.32,91.41,1,0.2665,0,0.2371,0.0103,2.3332,0.0,0
100.0,89.85,1,0.2741,0,0.2449,0.0046,2.5952,0.0,0
98.48,94.09,1,0.2904,0,0.2423,0.0189,2.1373,0.0099,0
100.0,87.53,1,0.2656,0,0.2207,0.036,3.2464,0.0,0
98.92,86.83,1,0.2806,0,0.2491,0.029,1.5211,0.0349,0
98.23,88.31,1,0.2414,0,0.2764,0.0008,3.4122,0.0156,0
98.97,93.61,1,0.2986,0,0.2795,0.0417,3.1544,0.0416,0
100.0,87.86,1,0.2309,0,0.2501,0.02,2.731,0.0213,0
100.0,88.05,1,0.2617,0,0.2016,0.0351,3.7174,0.0284,0
98.4,93.33,1,0.2349,0,0.2969,0.0382,1.5743,0.0459,0
98.83,93.53,1,0.2831,0,0.2115,0.0238,1.6323,0.0,0
97.98,90.49,1,0.2838,0,0.2124,0.0396,2.1216,0.0,0
100.0,91.76,1,0.2309,0,0.2825,0.0305,2.5374,0.0,0
100.0,92.57,1,0.2573,0,0.2607,0.0398,3.3599,0.051,0
100.0,97.56,1,0.2059,0,0.2418,0.0342,3.9279,0.025,0
100.0,95.28,1,0.2164,0,0.2833,0.0082,1.7661,0.0,0
100.0,91.45,1,0.2944,0,0.2503,0.012,3.4999,0.013,0
100.0,93.14,1,0.267,0,0.2498,0.0212,1.6533,0.0,0
97.63,94.66,1,0.2057,0,0.2822,0.019,3.4955,0.0329,0
100.0,88.69,1,0.2936,0,0.2455,0.0155,2.3372,0.0158,0
100.0,87.76,1,0.287,0,0.215,0.0232,3.8325,0.0,0
100.0,98.17,1,0.2276,0,0.2473,0.0261,2.8007,0.0469,0
97.78,92.29,1,0.2128,0,0.2232,0.0455,3.0805,0.0,0
99.04,98.67,1,0.244,0,0.2031,0.015,3.458,0.0,0
100.0,93.22,1,0.2971,0,0.2654,0.0027,3.4389,0.0422,0
98.0,99.49,1,0.2219,0,0.2236,0.0157,2.3478,0.0139,0
100.0,97.99,1,0.205,0,0.2433,0.0358,2.3541,0.0244,0
100.0,92.39,1,0.2589,0,0.2581,0.0191,3.6877,0.0086,0
100.0,88.42,1,0.2645,0,0.2379,0.0097,2.8172,0.0,0
100.0,95.87,1,0.2117,0,0.2429,0.0194,1.5042,0.0,0
99.24,94.25,1,0.254,0,0.2066,0.036,2.7629,0.0,0
97.41,94.26,1,0.2053,0,0.2839,0.0047,3.0102,0.0485,0
97.91,95.96,1,0.2702,0,0.287,0.0348,1.8792,0.0,0
97.26,96.38,1,0.2605,0,0.2644,0.0068,3.5333,0.0,0
97.43,92.02,1,0.2191,0,0.2151,0.049,1.894,0.0,0
98.06,95.73,1,0.2836,0,0.2411,0.0222,2.3251,0.0,0
98.21,95.98,1,0.2891,0,0.2607,0.0196,1.6824,0.0,0
100.0,90.07,1,0.2637,0,0.2805,0.0293,3.649,0.0,0
99.27,95.12,1,0.2944,0,0.2074,0.0072,3.2873,0.0,0
99.01,89.54,1,0.2523,0,0.2625,0.0166,3.1793,0.0502,0
99.48,94.5,1,0.2061,0,0.2083,0.0286,3.1717,0.0,0
100.0,94.72,1,0.2387,0,0.2608,0.0035,3.4395,0.05,0
100.0,93.35,1,0.294,0,0.2004,0.0128,3.9154,0.0285,0
100.0,86.26,1,0.2518,0,0.2891,0.0249,3.1898,0.0128,0
100.0,91.11,1,0.2538,0,0.2246,0.0337,3.0488,0.0165,0
100.0,89.52,1,0.2699,0,0.2466,0.0156,2.9552,0.0413,0
97.8,96.66,1,0.266,0,0.2496,0.0313,1.6518,0.0507,0
100.0,91.62,1,0.2717,0,0.2832,0.0126,3.5861,0.0032,0
97.94,96.84,1,0.2854,0,0.2691,0.0217,3.5235,0.0,0
100.0,90.31,1,0.2644,0,0.257,0.0211,3.939,0.0,0
100.0,92.48,1,0.2268,0,0.2866,0.0018,3.2438,0.0432,0
100.0,87.89,1,0.2763,0,0.2242,0.047,3.1828,0.0,0
100.0,95.31,1,0.2459,0,0.2594,0.0377,1.6905,0.0507,0
99.25,90.02,1,0.2395,0,0.2636,0.0294,1.9301,0.0,0
99.65,97.97,1,0.2942,0,0.2656,0.0162,3.435,0.0,0
100.0,90.76,1,0.2784,0,0.2868,0.0413,3.2889,0.0,0
97.12,88.9,1,0.2211,0,0.2558,0.0352,3.752,0.0285,0
99.35,97.65,1,0.2733,0,0.2489,0.007,1.6051,0.0,0
100.0,92.78,1,0.2982,0,0.2455,0.0282,2.1822,0.0,0
99.53,93.27,1,0.2802,0,0.2279,0.0132,3.5655,0.0263,0
100.0,98.33,1,0.2569,0,0.2807,0.0363,2.3439,0.0326,0
100.0,89.55,1,0.2899,0,0.2509,0.0211,1.9292,0.0472,0
98.54,90.54,1,0.2196,0,0.2064,0.0127,2.3289,0.0257,0
100.0,93.13,1,0.2115,0,0.2582,0.0459,3.1763,0.01,0
100.0,93.72,1,0.2165,0,0.2021,0.0455,2.2882,0.0247,0
69.37,64.58,0,0.205,0,0.2119,0.041,3.31,0.7314,1
97.58,95.42,1,0.2916,0,0.2651,0.0048,3.8665,0.0311,0
100.0,94.68,1,0.2054,0,0.2402,0.0378,3.2348,0.0,0
98.87,95.81,1,0.2456,0,0.2216,0.0041,3.7505,0.0142,0
98.89,98.3,1,0.244,0,0.2074,0.0052,2.6529,0.0109,0
100.0,89.82,1,0.2185,0,0.254,0.0081,3.8146,0.0496,0
97.11,99.14,1,0.2477,0,0.2625,0.0345,3.2971,0.0509,0
100.0,89.1,1,0.2265,0,0.2783,0.0192,1.6998,0.0,0
97.51,93.2,1,0.2551,0,0.2311,0.0422,2.0124,0.0,0
100.0,92.09,1,0.2303,0,0.2195,0.0373,2.5063,0.0,0
100.0,92.86,1,0.2397,0,0.2726,0.0384,2.6725,0.0,0
100.0,95.89,1,0.2982,0,0.2716,0.0465,3.0471,0.0461,0
100.0,97.48,1,0.2211,0,0.2783,0.0297,3.3213,0.0501,0
100.0,95.34,1,0.2943,0,0.2399,0.0427,1.5755,0.0125,0
97.82,95.85,1,0.2342,0,0.2626,0.0128,2.0622,0.0,0
99.5,91.66,1,0.2667,0,0.215,0.0459,1.5228,0.0004,0
100.0,88.5,1,0.2419,0,0.2222,0.047,2.8177,0.0067,0
100.0,91.94,1,0.2165,0,0.2262,0.0195,3.8032,0.0,0
100.0,86.49,1,0.2676,0,0.2938,0.0167,1.9086,0.0468,0
97.33,95.33,1,0.2611,0,0.2598,0.0149,1.5678,0.0025,0
99.87,96.71,1,0.2047,0,0.2409,0.024,1.6553,0.0409,0
98.64,91.62,1,0.2369,0,0.27,0.0331,2.7283,0.0059,0
98.04,96.84,1,0.2998,0,0.2087,0.0253,3.8052,0.0141,0
99.98,95.15,1,0.2102,0,0.2635,0.0264,2.2371,0.0,0
97.36,94.88,1,0.251,0,0.2339,0.003,1.8239,0.0186,0
97.94,95.59,1,0.2123,0,0.2621,0.0449,2.461,0.0,0
100.0,95.06,1,0.2387,0,0.21,0.0087,3.7128,0.0,0
100.0,92.11,1,0.2118,0,0.2004,0.0361,1.7984,0.0382,0
100.0,95.98,1,0.2866,0,0.2824,0.0151,1.7891,0.0,0
100.0,90.0,1,0.2041,0,0.2667,0.0235,1.9596,0.0,0
97.19,92.44,1,0.2308,0,0.2116,0.0004,1.5952,0.0,0
39.71,75.01,1,0.2253,0,0.2095,0.0408,2.0279,0.6521,1
100.0,89.37,1,0.2463,0,0.2721,0.0481,3.9455,0.0178,0
98.08,97.37,1,0.2829,0,0.2575,0.0062,3.4638,0.0,0
97.63,100.0,1,0.2564,0,0.2261,0.0096,3.3774,0.0,0
97.89,90.29,1,0.296,0,0.2736,0.0036,3.2094,0.0157,0
100.0,88.62,1,0.2938,0,0.2392,0.0039,3.6811,0.0,0
100.0,93.09,1,0.2353,0,0.2626,0.0275,1.73,0.0,0
100.0,93.9,1,0.2333,0,0.2374,0.0082,2.3158,0.0085,0
100.0,93.41,1,0.2944,0,0.2821,0.0111,3.2593,0.0,0
99.5,96.88,1,0.2872,0,0.2992,0.0226,3.4914,0.0273,0
100.0,97.07,1,0.2818,0,0.2621,0.024,3.5663,0.0,0
100.0,94.71,1,0.2289,0,0.2644,0.0144,3.9511,0.0064,0
98.75,100.0,1,0.214,0,0.2285,0.0491,2.9068,0.0,0
99.87,92.34,1,0.2312,0,0.2588,0.0057,2.0524,0.0471,0
100.0,87.51,1,0.2328,0,0.2135,0.0096,2.0485,0.0,0
100.0,93.1,1,0.2338,0,0.2789,0.0215,2.964,0.0,0
100.0,86.72,1,0.2822,0,0.2817,0.0145,3.262,0.0,0
76.06,54.8,1,0.7328,0,0.7926,0.0416,2.9507,0.71,1
100.0,92.83,1,0.2283,0,0.2223,0.0088,3.2903,0.0,0
100.0,92.06,1,0.2333,0,0.2229,0.0357,2.2651,0.0,0
55.01,74.02,1,0.2807,0,0.2896,0.0063,2.6502,0.5679,1
99.21,96.97,1,0.2322,0,0.2623,0.0134,2.4406,0.0093,0
98.26,95.37,1,0.2134,0,0.2057,0.037,2.8036,0.0065,0
67.38,50.52,1,0.2229,0,0.2382,0.0044,42.8218,0.5684,1
100.0,91.76,1,0.2918,0,0.2124,0.0454,3.2139,0.0275,0
100.0,94.41,1,0.2982,0,0.2269,0.0161,1.606,0.0221,0
97.19,94.72,1,0.28,0,0.2053,0.0167,3.4223,0.0,0
99.87,94.31,1,0.2551,0,0.239,0.0117,3.7207,0.0105,0
100.0,87.53,1,0.2305,0,0.2377,0.0436,3.7541,0.0,0
98.13,99.68,1,0.2497,0,0.2394,0.032,2.9169,0.0,0
97.85,92.83,1,0.2162,0,0.2912,0.0022,3.1104,0.0471,0
98.31,100.0,1,0.2444,0,0.2711,0.0458,2.8909,0.0255,0
100.0,86.9,1,0.2744,0,0.2888,0.0466,2.5646,0.0058,0
100.0,89.63,1,0.2282,0,0.2371,0.0275,1.7514,0.0424,0
98.34,96.2,1,0.2635,0,0.2793,0.0157,1.9121,0.046,0
99.9,97.08,1,0.2009,0,0.2284,0.008,2.0104,0.0251,0
100.0,89.39,1,0.2206,0,0.2399,0.0131,2.0992,0.0212,0
99.33,90.33,1,0.2408,0,0.274,0.0438,3.4146,0.0159,0
99.08,96.76,1,0.2186,0,0.2951,0.0103,2.4721,0.0,0
100.0,90.96,1,0.2613,0,0.2177,0.0075,1.8514,0.0,0
100.0,91.83,1,0.2236,0,0.2678,0.0164,3.1348,0.0,0
100.0,97.35,1,0.2335,0,0.2791,0.0151,2.288,0.0154,0
100.0,92.36,1,0.2687,0,0.2551,0.037,3.1252,0.0333,0
100.0,90.89,1,0.207,0,0.2161,0.0192,1.721,0.0,0
98.27,94.97,1,0.2074,0,0.2307,0.0102,1.538,0.0,0
100.0,92.94,1,0.291,0,0.209,0.0072,3.8981,0.0,0
99.74,88.44,1,0.257,0,0.2893,0.0248,1.8028,0.0082,0
100.0,95.83,1,0.2743,0,0.2325,0.0474,1.5235,0.0,0
100.0,86.24,1,0.2243,0,0.2769,0.0207,3.7357,0.0,0
100.0,90.15,1,0.2676,0,0.2133,0.0018,3.485,0.0445,0
100.0,93.91,1,0.2744,0,0.2347,0.0137,1.8969,0.0374,0
98.16,88.28,1,0.2504,0,0.2991,0.0164,2.2289,0.047,0
100.0,95.05,1,0.2626,0,0.2927,0.031,3.8285,0.0314,0
97.7,92.04,1,0.2565,0,0.2102,0.0434,3.4532,0.0,0
100.0,95.66,1,0.2644,0,0.2543,0.0482,3.902,0.0,0
100.0,96.73,1,0.2724,0,0.233,0.0118,3.6688,0.0,0
100.0,96.63,1,0.2008,0,0.2619,0.0427,1.9294,0.0323,0
100.0,93.38,1,0.2528,0,0.2853,0.0048,3.1383,0.0,0
100.0,89.46,1,0.2898,0,0.2393,0.0282,3.8988,0.0226,0
100.0,98.5,1,0.2994,0,0.2807,0.0173,1.9571,0.0,0
99.92,91.48,1,0.2841,0,0.272,0.0061,1.7784,0.0345,0
100.0,95.53,1,0.2078,0,0.2229,0.0097,2.9326,0.0,0
100.0,92.0,1,0.2284,0,0.2294,0.0134,3.8993,0.0,0
97.95,93.3,1,0.2721,0,0.29,0.0359,2.9039,0.0142,0
97.21,97.38,1,0.2085,0,0.2901,0.0495,2.5923,0.0493,0
77.29,73.08,1,0.2777,0,0.2976,0.0016,2.3932,0.7214,1
100.0,91.75,1,0.233,0,0.2855,0.04,3.6646,0.0,0
100.0,86.29,1,0.2749,0,0.2988,0.0256,2.6385,0.0416,0
100.0,98.66,1,0.2634,0,0.2657,0.0058,2.1055,0.0218,0
98.79,90.34,1,0.2555,0,0.238,0.0116,2.5826,0.035,0
100.0,92.5,1,0.2205,0,0.2279,0.0213,2.3899,0.0104,0
100.0,90.68,1,0.2687,0,0.2167,0.0362,2.5306,0.0155,0
98.92,98.93,1,0.2795,0,0.238,0.012,1.7984,0.0,0
97.94,96.74,1,0.2186,0,0.2579,0.032,2.8917,0.0313,0
99.88,90.41,1,0.2912,0,0.2208,0.0137,2.8648,0.0266,0
100.0,90.86,1,0.207,0,0.2391,0.0412,3.4736,0.0194,0
100.0,89.51,1,0.2002,0,0.2949,0.0153,1.5056,0.0264,0
100.0,91.66,1,0.2508,0,0.2537,0.0411,1.5795,0.0233,0
100.0,87.94,1,0.2354,0,0.2991,0.0161,3.3711,0.0324,0
99.98,92.55,1,0.286,0,0.2779,0.0274,2.4045,0.0132,0
100.0,90.79,1,0.2689,0,0.211,0.0395,1.7197,0.0034,0
99.68,87.4,1,0.2871,0,0.2589,0.0048,3.3086,0.0469,0
63.94,66.8,1,0.7623,0,0.7026,0.0084,3.6898,0.6612,1
97.61,93.09,1,0.281,0,0.2676,0.0478,2.7434,0.0,0
97.36,94.76,1,0.2084,0,0.2292,0.0091,2.4606,0.0426,0
99.51,96.61,1,0.2827,0,0.2139,0.0449,1.8731,0.0,0
100.0,96.6,1,0.2389,0,0.2724,0.0257,1.8673,0.0019,0
100.0,92.56,1,0.2336,0,0.2512,0.0054,3.1568,0.0,0
97.43,94.62,1,0.2373,0,0.2828,0.0238,2.3401,0.0134,0
100.0,87.99,1,0.2526,0,0.2322,0.028,3.7978,0.0,0
99.11,90.1,1,0.2426,0,0.2892,0.0077,1.6417,0.0254,0
100.0,93.85,1,0.298,0,0.2884,0.0382,1.6413,0.0063,0
100.0,95.74,1,0.2516,0,0.2268,0.0058,3.9482,0.0,0
100.0,91.26,1,0.2243,0,0.2424,0.0052,3.885,0.0,0
100.0,94.94,1,0.2715,0,0.2554,0.0287,1.9442,0.0032,0
100.0,90.05,1,0.2919,0,0.2786,0.0417,3.6539,0.013,0
97.95,95.65,1,0.2061,0,0.2635,0.0307,3.7038,0.0153,0
68.21,50.38,1,0.2807,0,0.2858,0.0023,3.8112,0.5873,1
100.0,89.89,1,0.245,0,0.2672,0.0219,1.8847,0.035,0
100.0,92.54,1,0.2636,0,0.2781,0.0361,1.6228,0.0183,0
100.0,89.21,1,0.2365,0,0.2933,0.0132,1.7175,0.0331,0
99.15,96.59,1,0.2276,0,0.2795,0.0348,3.7781,0.0,0
98.66,87.69,1,0.2289,0,0.2248,0.0197,3.4905,0.0,0
100.0,92.69,1,0.2293,0,0.2817,0.0483,2.446,0.0451,0
98.21,93.23,1,0.2883,0,0.2911,0.0242,3.6552,0.0434,0
99.18,96.71,1,0.2487,0,0.2696,0.0425,3.7788,0.0,0
100.0,92.41,1,0.2719,0,0.2304,0.0174,2.7867,0.0,0
100.0,92.34,1,0.298,0,0.3,0.037,2.029,0.0417,0
100.0,90.2,1,0.2293,0,0.2118,0.0163,3.8985,0.0,0
100.0,94.25,1,0.2001,0,0.2739,0.0142,1.8439,0.05,0
99.27,90.37,1,0.2751,0,0.2735,0.0088,3.3776,0.0,0
97.75,89.51,1,0.239,0,0.2012,0.032,3.27,0.0,0
100.0,95.9,1,0.2866,0,0.2924,0.0239,1.5663,0.0,0
100.0,99.39,1,0.2321,0,0.2603,0.018,3.0829,0.0,0
100.0,96.0,1,0.21,0,0.2457,0.0028,3.4529,0.0,0
100.0,95.6,1,0.2543,0,0.2907,0.033,1.9866,0.0287,0
100.0,93.62,1,0.2662,0,0.2936,0.0343,3.1256,0.0,0
98.2,91.23,1,0.2432,0,0.2474,0.016,1.7554,0.0474,0
100.0,86.47,1,0.279,0,0.235,0.033,3.2766,0.0406,0
76.04,66.13,1,0.2866,0,0.2091,0.044,3.9514,0.6127,1
100.0,93.08,1,0.2025,0,0.2787,0.0174,3.3829,0.0,0
98.31,94.0,1,0.2842,0,0.2965,0.036,2.0127,0.0314,0
98.0,93.56,1,0.2777,0,0.2495,0.0423,3.0045,0.0,0
99.31,94.55,1,0.2049,0,0.2185,0.0219,2.872,0.0,0
62.82,60.41,0,0.2907,0,0.2979,0.0077,1.7945,0.7293,1
100.0,98.64,1,0.2267,0,0.2207,0.002,2.9976,0.0486,0
98.98,97.83,1,0.2845,0,0.226,0.037,2.8801,0.0243,0
97.06,88.28,1,0.24,0,0.2586,0.0261,1.7884,0.0196,0
100.0,90.9,1,0.2888,0,0.2279,0.0088,2.2632,0.0,0
100.0,93.87,1,0.2671,0,0.2206,0.0006,3.5726,0.0,0
98.89,98.71,1,0.2576,0,0.2682,0.0213,3.4568,0.0502,0
100.0,94.82,1,0.2416,0,0.2915,0.0215,1.6049,0.0,0
100.0,94.48,1,0.2139,0,0.2722,0.0486,2.6491,0.0,0
97.28,96.31,1,0.2701,0,0.2566,0.007,3.8855,0.0,0
100.0,91.63,1,0.2487,0,0.2316,0.0093,3.3683,0.0279,0
98.07,91.91,1,0.2542,0,0.2575,0.0477,1.8095,0.0,0
100.0,97.1,1,0.2533,0,0.2051,0.0046,3.7052,0.0,0
98.81,96.84,1,0.28,0,0.2056,0.0408,1.7267,0.0,0
97.77,96.13,1,0.2088,0,0.2231,0.0414,2.631,0.0112,0
100.0,96.36,1,0.2803,0,0.2292,0.011,3.4642,0.0418,0
99.25,90.07,1,0.2071,0,0.2195,0.0181,2.5163,0.0,0
99.32,91.19,1,0.233,0,0.214,0.0456,2.6916,0.0476,0
99.43,93.79,1,0.299,0,0.298,0.0319,3.281,0.0141,0
98.41,89.99,1,0.2831,0,0.2614,0.042,1.9333,0.0112,0
98.81,89.85,1,0.2588,0,0.2298,0.041,3.4268,0.0402,0
98.79,93.27,1,0.2245,0,0.2795,0.0258,2.7969,0.0,0
100.0,100.0,1,0.2676,0,0.2222,0.0032,2.397,0.0,0
100.0,95.6,1,0.2858,0,0.2641,0.027,1.7212,0.0438,0
100.0,89.89,1,0.2715,0,0.2194,0.0014,2.7155,0.0,0
100.0,96.85,1,0.2757,0,0.2625,0.0163,3.9721,0.0,0
100.0,91.98,1,0.2203,0,0.2424,0.0064,2.4869,0.0,0
100.0,89.9,1,0.2493,0,0.2298,0.021,2.9192,0.0,0
97.91,96.23,1,0.2286,0,0.2821,0.0046,2.8826,0.0439,0
98.15,90.15,1,0.2311,0,0.2436,0.0201,3.0426,0.0486,0
97.95,94.14,1,0.2946,0,0.254,0.0017,1.5035,0.0,0
99.93,92.48,1,0.262,0,0.2867,0.0159,2.078,0.0,0
100.0,89.89,1,0.2207,0,0.2044,0.0199,3.2745,0.0,0
100.0,89.91,1,0.2276,0,0.215,0.0107,3.0283,0.0292,0
99.33,91.15,1,0.2839,0,0.2322,0.048,1.9165,0.0016,0
49.29,66.58,1,0.2084,0,0.217,0.0145,2.0938,0.603,1
100.0,92.73,1,0.2984,0,0.2399,0.0305,2.8224,0.0428,0
100.0,98.0,1,0.2651,0,0.2771,0.014,3.0456,0.0353,0
97.56,93.46,1,0.2354,0,0.2691,0.0398,2.0564,0.0133,0
99.92,95.88,1,0.2841,0,0.2598,0.0343,1.6872,0.0,0
97.86,93.47,1,0.2923,0,0.2623,0.0394,3.6342,0.0448,0
98.46,88.76,1,0.2573,0,0.2107,0.0082,1.8881,0.0,0
99.38,95.9,1,0.2883,0,0.2766,0.0176,1.8332,0.0,0
97.52,94.1,1,0.2651,0,0.2758,0.0101,3.1878,0.0092,0
99.19,93.52,1,0.2387,0,0.2783,0.0353,2.2266,0.0138,0
99.77,94.16,1,0.2948,0,0.2841,0.034,1.7484,0.0,0
100.0,90.93,1,0.2239,0,0.2492,0.0488,3.8399,0.0318,0
97.67,95.4,1,0.2986,0,0.2893,0.0451,1.948,0.0,0
98.95,92.25,1,0.2413,0,0.2913,0.0468,3.162,0.0,0
100.0,93.66,1,0.2942,0,0.2405,0.029,2.6685,0.0,0
97.7,95.81,1,0.2251,0,0.2541,0.0074,1.7011,0.0,0
100.0,91.12,1,0.25,0,0.269,0.0467,2.0547,0.0256,0
26.17,53.46,0,0.7921,1,0.7724,1.425,2.8338,0.7628,1
100.0,93.47,1,0.2583,0,0.231,0.0207,2.0493,0.0,0
100.0,92.07,1,0.2845,0,0.2203,0.0277,2.5402,0.0,0
99.09,89.18,1,0.2377,0,0.2695,0.0049,2.3118,0.0,0
100.0,92.64,1,0.2404,0,0.2678,0.0185,3.5524,0.0,0
97.57,95.98,1,0.2683,0,0.2052,0.0402,3.7289,0.0,0
100.0,89.31,1,0.2152,0,0.2819,0.0488,2.6302,0.0171,0
100.0,91.33,1,0.2062,0,0.2764,0.0242,3.276,0.0,0
98.04,91.14,1,0.2024,0,0.2204,0.0142,2.0632,0.0,0
98.62,94.08,1,0.239,0,0.2453,0.0387,2.6849,0.0502,0
98.09,94.46,1,0.275,0,0.2417,0.0427,1.9138,0.0113,0
98.56,94.05,1,0.2486,0,0.2838,0.0318,2.4034,0.0,0
98.69,91.41,1,0.277,0,0.2278,0.0241,1.6938,0.0,0
100.0,95.67,1,0.2064,0,0.242,0.0447,2.7319,0.0,0
99.32,91.48,1,0.2077,0,0.2259,0.0338,2.2801,0.0,0
100.0,92.44,1,0.2203,0,0.2209,0.0,1.7324,0.0,0
99.32,97.97,1,0.2714,0,0.2108,0.0486,3.5155,0.0,0
99.47,94.98,1,0.2014,0,0.2002,0.0357,3.4016,0.0329,0
98.06,96.15,1,0.2807,0,0.2452,0.0241,3.3305,0.027,0
98.52,93.2,1,0.2491,0,0.2452,0.0008,3.8799,0.0353,0
100.0,98.17,1,0.2235,0,0.2814,0.0023,3.5329,0.0,0
97.07,94.16,1,0.2105,0,0.288,0.0484,3.1329,0.0,0
99.95,92.74,1,0.2831,0,0.2158,0.0398,2.0595,0.0357,0
98.09,90.92,1,0.276,0,0.2088,0.0048,1.6946,0.0503,0
97.27,94.04,1,0.2032,0,0.2442,0.0374,1.5303,0.0186,0
100.0,92.03,1,0.2549,0,0.2411,0.0086,1.7149,0.0405,0
97.27,97.34,1,0.2308,0,0.2443,0.0194,1.5137,0.008,0
100.0,89.5,1,0.2184,0,0.2793,0.0253,1.7168,0.0368,0
99.79,95.43,1,0.2565,0,0.2552,0.0452,2.9245,0.008,0
100.0,92.95,1,0.2506,0,0.2047,0.0026,1.6635,0.0,0
97.21,93.12,1,0.2138,0,0.2387,0.0067,2.3084,0.0,0
97.3,95.47,1,0.2222,0,0.2404,0.0386,3.706,0.0,0
98.06,89.56,1,0.2529,0,0.2421,0.0498,3.8801,0.0346,0
100.0,91.32,1,0.2293,0,0.2657,0.0388,3.2816,0.0106,0
98.01,98.27,1,0.2644,0,0.2976,0.0389,3.4676,0.047,0
100.0,100.0,1,0.271,0,0.2346,0.0265,3.0108,0.0,0
100.0,96.82,1,0.2106,0,0.2256,0.0172,3.8396,0.012,0
100.0,92.97,1,0.2627,0,0.2977,0.0071,2.9271,0.0,0
99.36,92.51,1,0.2607,0,0.2403,0.0091,3.2678,0.0,0
99.9,93.08,1,0.21,0,0.262,0.0222,2.6786,0.0,0
100.0,95.04,1,0.2499,0,0.2153,0.0482,2.0146,0.0,0
100.0,97.57,1,0.2753,0,0.2958,0.0304,3.2868,0.0,0
97.48,92.48,1,0.2917,0,0.2236,0.0433,2.0904,0.0,0
99.11,95.2,1,0.2274,0,0.2873,0.0122,1.8014,0.0,0
100.0,91.27,1,0.2269,0,0.2244,0.0196,3.6255,0.0,0
99.14,85.53,1,0.2264,0,0.2562,0.0366,2.6703,0.0097,0
99.51,88.93,1,0.2457,0,0.2674,0.0034,2.1391,0.0,0
100.0,92.61,1,0.2859,0,0.2461,0.0138,3.0296,0.0084,0
97.79,94.38,1,0.2037,0,0.2279,0.0282,3.7745,0.0,0
100.0,93.47,1,0.273,0,0.2157,0.035,2.1711,0.0297,0
99.38,87.73,1,0.2356,0,0.2391,0.0218,3.7558,0.0,0
100.0,99.62,1,0.248,0,0.2373,0.0433,2.3544,0.0204,0
99.42,94.11,1,0.2631,0,0.2693,0.0292,2.1502,0.0,0
97.03,93.89,1,0.2335,0,0.2627,0.0326,1.6755,0.0444,0
99.8,92.18,1,0.2353,0,0.206,0.0135,3.6304,0.051,0
100.0,92.74,1,0.2571,0,0.2242,0.0164,2.0532,0.034,0
100.0,94.56,1,0.2525,0,0.2135,0.002,2.1516,0.0,0
98.24,92.25,1,0.2667,0,0.2279,0.0038,3.4558,0.0,0
99.01,95.96,1,0.2637,0,0.221,0.0482,3.705,0.0101,0
100.0,90.48,1,0.2066,0,0.2707,0.0275,3.8355,0.0018,0
100.0,91.49,1,0.2484,0,0.2731,0.0061,3.1342,0.0,0
97.22,94.67,1,0.2188,0,0.2498,0.0156,3.7263,0.0,0
100.0,93.06,1,0.227,0,0.2096,0.0317,2.5376,0.0069,0
100.0,93.28,1,0.2585,0,0.2517,0.0429,3.6587,0.0,0
100.0,89.79,1,0.2912,0,0.2792,0.0033,3.7251,0.0,0
99.99,95.28,1,0.2116,0,0.252,0.0227,3.0111,0.0,0
100.0,89.68,1,0.2659,0,0.2124,0.0034,2.5563,0.0295,0
100.0,93.82,1,0.3,0,0.2664,0.0231,1.6992,0.0,0
100.0,94.0,1,0.232,0,0.2128,0.0361,3.7464,0.0118,0
99.09,94.29,1,0.2018,0,0.2727,0.0387,3.6341,0.0379,0
97.31,94.82,1,0.2797,0,0.2521,0.0137,2.5103,0.0,0
97.3,91.84,1,0.2696,0,0.2178,0.0134,2.466,0.0,0
98.6,95.4,1,0.2649,0,0.2146,0.0494,2.3958,0.0,0
97.51,88.75,1,0.2193,0,0.2453,0.0058,1.8555,0.0,0
100.0,86.95,1,0.2391,0,0.2659,0.0323,3.519,0.0,0
100.0,92.01,1,0.2206,0,0.2235,0.0368,2.5205,0.0313,0
100.0,88.09,1,0.2705,0,0.2734,0.0387,2.3591,0.0,0
99.73,95.29,1,0.2269,0,0.2216,0.0333,3.3783,0.0186,0
100.0,90.83,1,0.2131,0,0.2456,0.0208,3.8509,0.0,0
100.0,93.22,1,0.2015,0,0.2503,0.0059,2.5206,0.0498,0
99.51,98.39,1,0.292,0,0.29,0.0286,3.205,0.0,0
97.06,86.82,1,0.2694,0,0.203,0.0295,1.7302,0.0,0
100.0,100.0,1,0.238,0,0.2761,0.0326,3.708,0.0,0
98.44,87.08,1,0.29,0,0.2716,0.0464,3.8565,0.0,0
100.0,99.87,1,0.2967,0,0.247,0.022,1.8234,0.0459,0
98.42,92.7,1,0.2788,0,0.2733,0.0479,3.02,0.0434,0
100.0,92.93,1,0.2749,0,0.2265,0.0107,2.6965,0.007,0
97.87,86.68,1,0.2221,0,0.2402,0.0127,3.1202,0.0,0
100.0,88.28,1,0.2111,0,0.2783,0.0063,1.8726,0.038,0
99.73,92.68,1,0.2157,0,0.208,0.0038,3.311,0.0,0
98.66,94.64,1,0.2961,0,0.2649,0.0232,2.3843,0.0,0
100.0,93.98,1,0.2296,0,0.2378,0.0317,3.0505,0.034,0
100.0,95.23,1,0.2253,0,0.2511,0.0196,2.9059,0.0372,0
99.22,92.65,1,0.2576,0,0.256,0.0276,3.7218,0.0015,0
100.0,98.78,1,0.2291,0,0.2402,0.0201,2.6898,0.0,0
98.43,93.19,1,0.2517,0,0.2,0.0022,3.8791,0.0222,0
100.0,88.96,1,0.2722,0,0.2559,0.0087,1.5687,0.0,0
97.81,91.52,1,0.2124,0,0.2737,0.0134,2.389,0.0,0
99.87,93.3,1,0.269,0,0.2754,0.0317,2.7765,0.0251,0
66.02,52.69,1,0.7552,0,0.7907,0.0433,1.5881,0.6473,1
98.11,91.52,1,0.2263,0,0.2514,0.0091,3.2197,0.0129,0
58.62,65.19,1,0.2612,0,0.2576,0.0113,2.1042,0.5666,1
100.0,92.87,1,0.2922,0,0.2555,0.0358,1.5243,0.0,0
100.0,95.61,1,0.2302,0,0.2819,0.0478,2.4453,0.019,0
99.41,86.96,1,0.2624,0,0.2054,0.0177,2.6094,0.0,0
100.0,90.69,1,0.2236,0,0.2468,0.016,3.9211,0.0333,0
98.1,89.14,1,0.252,0,0.2611,0.0181,1.8309,0.0,0
100.0,93.24,1,0.2657,0,0.2091,0.0085,2.1619,0.0342,0
100.0,96.95,1,0.2826,0,0.2857,0.0246,3.9206,0.0494,0
99.33,93.03,1,0.2658,0,0.2937,0.0272,3.3988,0.0,0
99.55,94.38,1,0.2979,0,0.2327,0.0079,2.3311,0.0109,0
99.33,88.69,1,0.2652,0,0.2185,0.0112,2.727,0.0,0
99.91,86.24,1,0.23,0,0.2677,0.0101,3.7113,0.0,0
99.66,97.46,1,0.2876,0,0.2729,0.0303,3.5165,0.0,0
97.6,94.42,1,0.2119,0,0.213,0.0356,2.4786,0.0475,0
100.0,90.18,1,0.251,0,0.2407,0.0153,1.7085,0.0422,0
99.55,92.47,1,0.2456,0,0.2959,0.0383,1.8643,0.0223,0
100.0,94.63,1,0.2558,0,0.2835,0.0455,2.7829,0.0181,0
99.88,87.14,1,0.2752,0,0.2538,0.0259,3.3483,0.0241,0
97.14,93.57,1,0.2244,0,0.2694,0.0455,2.6076,0.0412,0
98.55,92.66,1,0.249,0,0.2125,0.0313,3.1168,0.0003,0
97.57,95.83,1,0.2586,0,0.2579,0.0098,3.153,0.0,0
98.99,93.96,1,0.2483,0,0.2742,0.0128,2.9398,0.0,0
100.0,97.23,1,0.247,0,0.2255,0.0295,2.788,0.0,0
100.0,95.32,1,0.2385,0,0.2767,0.0113,2.0862,0.006,0
100.0,94.42,1,0.261,0,0.2605,0.0002,1.8666,0.0,0
100.0,94.83,1,0.2484,0,0.2247,0.013,3.7647,0.0,0
97.5,96.09,1,0.2451,0,0.2462,0.0026,2.5264,0.0304,0
100.0,86.28,1,0.2792,0,0.2502,0.0449,3.4845,0.0263,0
99.61,93.51,1,0.2879,0,0.2064,0.0343,2.242,0.0285,0
53.04,52.35,1,0.7433,0,0.7727,0.0015,2.9764,0.7155,1
100.0,93.83,1,0.2716,0,0.2509,0.0024,1.883,0.0,0
98.09,87.61,1,0.2893,0,0.2215,0.0014,2.7137,0.0288,0
100.0,87.04,1,0.2017,0,0.2042,0.0398,2.4002,0.0197,0
100.0,95.77,1,0.2035,0,0.2736,0.0393,2.2151,0.0352,0
100.0,93.37,1,0.2463,0,0.2193,0.0369,1.8419,0.0519,0
97.48,91.73,1,0.2639,0,0.2922,0.0075,3.6378,0.0,0
100.0,98.01,1,0.2084,0,0.2777,0.0493,3.9654,0.0238,0
97.69,86.08,1,0.2088,0,0.2754,0.0423,3.3648,0.0,0
99.7,96.63,1,0.231,0,0.2829,0.0321,3.4651,0.0264,0
100.0,94.42,1,0.2393,0,0.226,0.034,2.1939,0.0,0
99.44,91.91,1,0.2381,0,0.2889,0.0192,3.1521,0.0148,0
100.0,93.95,1,0.2616,0,0.2093,0.0285,1.6648,0.0,0
99.7,95.61,1,0.268,0,0.2567,0.0172,3.0849,0.0,0
100.0,91.76,1,0.2935,0,0.2735,0.0357,3.4223,0.0,0
98.7,93.01,1,0.2369,0,0.2098,0.0168,1.6062,0.0317,0
100.0,96.4,1,0.2057,0,0.2085,0.0475,2.1227,0.0,0
100.0,90.58,1,0.2044,0,0.2147,0.0484,2.9342,0.0,0
100.0,90.02,1,0.2671,0,0.2073,0.0127,2.4626,0.0146,0
97.21,98.52,1,0.2975,0,0.2729,0.0412,2.8662,0.0295,0
100.0,94.1,1,0.2314,0,0.2235,0.0051,3.1861,0.0,0
99.03,95.49,1,0.2068,0,0.297,0.0128,3.5869,0.0,0
97.25,94.38,1,0.2671,0,0.2499,0.0132,1.7511,0.0,0
97.16,94.62,1,0.2005,0,0.2415,0.0311,3.9291,0.0,0
97.85,94.97,1,0.2457,0,0.2915,0.0459,2.9133,0.0,0
100.0,94.36,1,0.2565,0,0.2021,0.0148,1.6821,0.0036,0
98.86,94.09,1,0.245,0,0.257,0.0213,2.272,0.0,0
97.71,95.38,1,0.276,0,0.2207,0.0195,1.8959,0.0075,0
98.83,88.83,1,0.2924,0,0.2532,0.019,2.3256,0.0,0
100.0,91.26,1,0.2534,0,0.2515,0.0288,1.9543,0.0,0
70.03,67.65,1,0.2786,0,0.2707,0.0337,2.0061,0.6096,1
100.0,97.48,1,0.202,0,0.2319,0.0199,1.7747,0.0,0
97.82,92.55,1,0.2229,0,0.2883,0.0403,2.178,0.0128,0
97.44,89.6,1,0.2964,0,0.2806,0.0294,2.7407,0.0,0
100.0,96.51,1,0.2199,0,0.213,0.0136,1.6484,0.0104,0
100.0,87.75,1,0.2564,0,0.2979,0.0186,3.6203,0.0,0
100.0,93.97,1,0.2563,0,0.2872,0.0482,2.225,0.0,0
65.86,68.77,1,0.7735,0,0.7385,0.0301,2.4209,0.699,1
68.58,44.19,1,0.2541,0,0.2992,0.025,2.7407,0.6283,1
100.0,93.46,1,0.2311,0,0.2995,0.0124,3.1038,0.0,0
99.38,89.81,1,0.2034,0,0.2542,0.0267,3.5146,0.0,0
100.0,95.52,1,0.2626,0,0.23,0.0041,2.8964,0.007,0
98.48,91.92,1,0.2574,0,0.2947,0.02,3.19,0.0,0
99.81,92.29,1,0.2433,0,0.2547,0.0433,2.9452,0.0,0
98.18,97.17,1,0.2641,0,0.2627,0.0216,3.3313,0.0,0
100.0,93.77,1,0.2117,0,0.2394,0.0421,2.6997,0.0,0
100.0,92.43,1,0.2253,0,0.2948,0.002,1.7292,0.0,0
99.38,93.7,1,0.2765,0,0.2723,0.0069,3.1442,0.0464,0
100.0,89.64,1,0.2159,0,0.2781,0.0367,2.1918,0.0,0
100.0,86.88,1,0.2854,0,0.2098,0.0372,2.4029,0.0,0
100.0,94.99,1,0.2377,0,0.2695,0.0323,2.8247,0.0,0
99.6,95.35,1,0.2987,0,0.2442,0.0461,2.5692,0.0224,0
100.0,95.01,1,0.2421,0,0.2757,0.0264,3.1843,0.0258,0
100.0,91.93,1,0.2185,0,0.2458,0.0363,2.6965,0.0,0
98.14,92.04,1,0.2552,0,0.2907,0.0136,1.6195,0.0336,0
97.86,89.6,1,0.2058,0,0.2608,0.0307,2.7998,0.0,0
99.04,91.62,1,0.2523,0,0.212,0.0387,3.6513,0.0,0
100.0,88.99,1,0.2574,0,0.2967,0.0349,2.509,0.0494,0
100.0,90.68,1,0.2884,0,0.2987,0.0404,3.1668,0.0396,0
100.0,98.35,1,0.2244,0,0.2764,0.0202,1.6813,0.0,0
99.4,85.82,1,0.246,0,0.2921,0.0141,2.8796,0.0312,0
98.78,79.69,1,0.2551,0,0.2074,0.0138,3.7074,0.0062,0
99.67,92.02,1,0.2308,0,0.222,0.0402,3.9097,0.0448,0
100.0,95.79,1,0.2237,0,0.2792,0.0427,1.9831,0.0,0
100.0,93.44,1,0.2036,0,0.2424,0.0104,3.5537,0.0,0
100.0,90.88,1,0.2716,0,0.2873,0.0186,3.9662,0.0132,0
100.0,95.89,1,0.253,0,0.2396,0.046,2.2788,0.0,0
100.0,98.34,1,0.2619,0,0.2527,0.0007,3.2914,0.0,0
99.33,96.48,1,0.2176,0,0.2819,0.0174,1.7286,0.0364,0
99.41,93.2,1,0.2206,0,0.21,0.0307,2.2576,0.016,0
98.68,86.65,1,0.2757,0,0.2663,0.0074,3.3769,0.014,0
98.95,96.3,1,0.2767,0,0.2005,0.0343,3.9925,0.0,0
98.24,86.45,1,0.2927,0,0.2113,0.0146,2.7348,0.0,0
99.1,81.05,1,0.2344,0,0.2301,0.0471,2.4787,0.0309,0
99.45,91.63,1,0.2613,0,0.2278,0.0037,2.9272,0.0,0
100.0,92.45,1,0.234,0,0.2583,0.0433,3.6296,0.0,0
100.0,92.84,1,0.255,0,0.2459,0.03,2.3031,0.0208,0
100.0,94.84,1,0.2688,0,0.2201,0.031,1.6955,0.0,0
99.07,92.18,1,0.2915,0,0.2583,0.0008,3.2021,0.0,0
99.6,93.91,1,0.2856,0,0.2599,0.0453,1.8549,0.046,0
100.0,90.2,1,0.2672,0,0.2207,0.0425,3.9363,0.0,0
100.0,93.05,1,0.2019,0,0.2032,0.0224,3.641,0.0093,0
99.76,97.37,1,0.2072,0,0.2945,0.0242,1.7818,0.0,0
100.0,95.78,1,0.2043,0,0.2616,0.0145,2.6404,0.0,0
99.64,86.85,1,0.285,0,0.2263,0.0165,3.386,0.0,0
100.0,97.97,1,0.2096,0,0.2905,0.0239,1.6585,0.0,0
100.0,96.09,1,0.2989,0,0.296,0.0039,3.4761,0.0316,0
100.0,88.6,1,0.2311,0,0.242,0.0039,2.6641,0.0,0
100.0,92.88,1,0.2866,0,0.2974,0.0408,3.748,0.0477,0
100.0,92.34,1,0.2604,0,0.2406,0.0189,2.4732,0.0,0
98.37,88.7,1,0.2867,0,0.2456,0.049,2.3327,0.0232,0
64.83,65.43,1,0.2456,0,0.274,0.0044,53.9938,0.6036,1
99.74,89.78,1,0.2983,0,0.2508,0.0468,3.2172,0.0248,0
97.24,92.52,1,0.2443,0,0.2339,0.0325,1.7298,0.0,0
100.0,90.12,1,0.2156,0,0.2515,0.0154,3.0666,0.0058,0
100.0,96.13,1,0.2664,0,0.2517,0.0133,3.2589,0.0402,0
98.13,96.46,1,0.2083,0,0.2,0.0478,2.7684,0.0,0
97.84,93.5,1,0.2406,0,0.2421,0.017,3.607,0.0,0
100.0,92.34,1,0.2938,0,0.2222,0.0263,3.9952,0.0039,0
100.0,95.51,1,0.2476,0,0.2522,0.0477,3.7195,0.0237,0
97.03,91.75,1,0.2469,0,0.2868,0.0103,3.4084,0.0109,0
100.0,97.62,1,0.2724,0,0.2954,0.0091,2.2637,0.0208,0
97.6,86.43,1,0.2858,0,0.2197,0.0108,2.6126,0.0261,0
100.0,92.59,1,0.2281,0,0.211,0.0118,1.5804,0.0,0
100.0,99.92,1,0.2633,0,0.2998,0.0352,2.1998,0.0005,0
99.38,97.64,1,0.2077,0,0.2295,0.0086,3.7319,0.0,0
97.49,90.58,1,0.2384,0,0.2664,0.002,2.9939,0.037,0
100.0,90.96,1,0.2429,0,0.2303,0.036,3.027,0.0109,0
100.0,95.31,1,0.2021,0,0.2275,0.0482,1.5429,0.0285,0
100.0,97.14,1,0.2814,0,0.2436,0.0273,2.402,0.0,0
100.0,88.85,1,0.2962,0,0.2258,0.0182,2.9728,0.0119,0
100.0,92.05,1,0.2542,0,0.2597,0.0015,3.6408,0.0,0
100.0,93.65,1,0.282,0,0.2765,0.0285,3.6543,0.0012,0
100.0,93.91,1,0.2365,0,0.2318,0.0164,2.3536,0.0,0
98.85,93.33,1,0.2319,0,0.2608,0.0325,2.9863,0.0,0
98.4,88.93,1,0.2535,0,0.2517,0.0478,1.5575,0.0,0
100.0,80.46,1,0.2809,0,0.238,0.0011,2.0729,0.0,0
100.0,90.55,1,0.2414,0,0.2335,0.0345,3.8706,0.0426,0
98.24,100.0,1,0.2441,0,0.2549,0.0337,3.3761,0.0,0
99.58,90.39,1,0.2064,0,0.2725,0.0297,1.872,0.0285,0
100.0,91.59,1,0.2384,0,0.2515,0.0364,3.3222,0.0355,0
99.44,91.84,1,0.2007,0,0.2123,0.0187,2.0045,0.0,0
99.31,92.77,1,0.2773,0,0.2893,0.0062,1.7525,0.02,0
100.0,97.84,1,0.2969,0,0.2449,0.0002,1.7041,0.0,0
100.0,95.73,1,0.2152,0,0.2153,0.02,2.9076,0.0291,0
99.39,87.47,1,0.2728,0,0.2617,0.0403,2.5501,0.0234,0
99.49,91.36,1,0.2417,0,0.2163,0.0295,2.9394,0.0465,0
100.0,93.05,1,0.2781,0,0.2612,0.0074,1.7506,0.0,0
100.0,85.88,1,0.2935,0,0.2459,0.0159,3.3211,0.0043,0
97.55,94.1,1,0.2128,0,0.2117,0.0332,3.5376,0.0,0
100.0,93.87,1,0.2298,0,0.2243,0.0463,2.0065,0.0048,0
98.33,92.87,1,0.2307,0,0.2373,0.0429,2.0962,0.0485,0
100.0,96.47,1,0.2102,0,0.2304,0.0316,2.5917,0.0089,0
97.76,90.09,1,0.2664,0,0.2636,0.0109,2.3267,0.0,0
98.91,93.98,1,0.2967,0,0.2255,0.0435,3.0412,0.0328,0
100.0,96.21,1,0.2081,0,0.2944,0.046,1.9614,0.034,0
100.0,89.6,1,0.2654,0,0.2591,0.0455,3.3609,0.0,0
99.82,94.64,1,0.2472,0,0.2853,0.0283,3.4389,0.0517,0
98.23,97.59,1,0.2605,0,0.2589,0.0436,3.3661,0.0302,0
98.97,96.88,1,0.2825,0,0.2193,0.0397,2.008,0.0162,0
100.0,92.57,1,0.2267,0,0.2513,0.0309,2.1664,0.0008,0
97.3,94.57,1,0.2076,0,0.2962,0.0491,2.7367,0.0,0
100.0,99.73,1,0.2484,0,0.2225,0.0122,2.8865,0.0,0
99.1,93.6,1,0.2195,0,0.2577,0.0312,2.2388,0.0,0
100.0,86.27,1,0.2332,0,0.2246,0.0013,2.3032,0.0,0
75.88,53.4,1,0.2429,0,0.2502,0.0225,2.858,0.6359,1
97.9,92.24,1,0.2846,0,0.228,0.0417,2.4532,0.0379,0
100.0,90.63,1,0.2643,0,0.2329,0.0118,2.3757,0.0353,0
98.88,91.31,1,0.2335,0,0.2966,0.0376,2.4269,0.0499,0
98.68,99.78,1,0.2085,0,0.2404,0.0381,3.5929,0.0367,0
99.71,91.75,1,0.2957,0,0.2144,0.0317,2.7855,0.0,0
100.0,95.11,1,0.2002,0,0.201,0.0447,2.9801,0.0361,0
98.81,95.34,1,0.2693,0,0.2877,0.0225,1.6346,0.0146,0
99.82,92.88,1,0.2003,0,0.268,0.0104,1.7763,0.0172,0
99.99,91.46,1,0.249,0,0.2016,0.0326,2.3877,0.0452,0
97.44,87.05,1,0.2143,0,0.2526,0.0474,2.5771,0.0,0
100.0,90.43,1,0.2043,0,0.2175,0.0315,3.8802,0.0,0
97.31,94.96,1,0.2791,0,0.2639,0.0439,2.9392,0.0052,0
100.0,93.7,1,0.2395,0,0.2856,0.0433,1.5398,0.0,0
99.85,86.38,1,0.2233,0,0.2244,0.0003,3.3369,0.0078,0
100.0,92.55,1,0.23,0,0.205,0.0039,3.1905,0.0407,0
100.0,93.44,1,0.2686,0,0.2184,0.0276,2.3059,0.0453,0
100.0,86.12,1,0.2225,0,0.2555,0.0428,2.8913,0.0024,0
100.0,94.43,1,0.2818,0,0.2589,0.0192,2.486,0.0366,0
100.0,87.89,1,0.2882,0,0.2705,0.0444,3.9866,0.0,0
100.0,88.53,1,0.2369,0,0.2486,0.0176,2.0632,0.0,0
100.0,94.73,1,0.2653,0,0.2839,0.0208,2.1455,0.0,0
73.44,62.31,1,0.2398,0,0.2472,0.0162,2.8812,0.699,1
99.84,98.97,1,0.206,0,0.2241,0.0221,3.4299,0.0128,0
100.0,79.88,1,0.2856,0,0.2819,0.0229,2.8592,0.0355,0
97.7,93.56,1,0.2899,0,0.2918,0.024,3.4339,0.0,0
97.12,95.19,1,0.2526,0,0.2277,0.0143,2.6828,0.0447,0
98.15,87.34,1,0.2147,0,0.2415,0.0193,2.6757,0.0499,0
98.84,86.22,1,0.2174,0,0.2142,0.0302,2.5692,0.0,0
98.49,91.93,1,0.2002,0,0.2084,0.0004,2.7341,0.0,0
98.62,94.37,1,0.2644,0,0.2354,0.0274,1.7099,0.0395,0
98.33,91.17,1,0.2269,0,0.2139,0.0009,3.9996,0.0325,0
97.33,88.44,1,0.216,0,0.213,0.0304,3.9282,0.009,0
97.92,95.76,1,0.2255,0,0.2888,0.0189,3.491,0.0,0
100.0,95.56,1,0.2011,0,0.2513,0.0232,2.8164,0.0064,0
100.0,89.76,1,0.2439,0,0.2333,0.0405,2.682,0.0,0
100.0,96.07,1,0.2748,0,0.215,0.0336,3.6983,0.0,0
97.1,94.75,1,0.2911,0,0.2762,0.0465,3.0514,0.0224,0
100.0,91.93,1,0.2247,0,0.2704,0.0123,3.932,0.0385,0
98.94,91.52,1,0.2975,0,0.2515,0.0199,2.5093,0.0,0
100.0,92.3,1,0.299,0,0.251,0.0111,3.0166,0.0214,0
99.01,98.83,1,0.2462,0,0.2215,0.009,3.206,0.0,0
97.34,85.68,1,0.2666,0,0.2417,0.0334,3.559,0.0371,0
100.0,86.95,1,0.2448,0,0.2392,0.0329,2.5405,0.0001,0
100.0,95.66,1,0.2014,0,0.2081,0.0246,2.5361,0.0,0
99.91,92.47,1,0.2166,0,0.2908,0.0073,2.6851,0.0,0
100.0,85.77,1,0.2124,0,0.2748,0.0284,3.9055,0.0205,0
99.47,96.26,1,0.2071,0,0.2238,0.0255,3.7735,0.0,0
100.0,90.57,1,0.2577,0,0.2744,0.0284,3.8563,0.0162,0
100.0,87.75,1,0.2786,0,0.2058,0.0224,2.334,0.0141,0
98.74,92.29,1,0.2178,0,0.2824,0.0041,3.2365,0.0,0
99.32,94.2,1,0.2559,0,0.231,0.0205,3.5932,0.049,0
97.23,94.9,1,0.2532,0,0.2767,0.0158,2.0562,0.0,0
98.83,93.34,1,0.25,0,0.2801,0.0135,2.132,0.0,0
100.0,88.53,1,0.2141,0,0.245,0.0331,2.5109,0.0269,0
28.96,69.13,0,0.7069,1,0.7461,2.995,3.7118,0.7736,1
97.81,90.88,1,0.2094,0,0.2654,0.0487,1.9034,0.0,0
100.0,86.88,1,0.29,0,0.2316,0.0317,3.9752,0.0452,0
97.56,98.45,1,0.2155,0,0.2892,0.0149,1.5281,0.0425,0
100.0,90.17,1,0.2146,0,0.2349,0.0267,2.0769,0.0157,0
51.54,73.76,0,0.214,0,0.2712,0.0317,2.2251,0.6419,1
98.99,95.82,1,0.2395,0,0.2596,0.0205,3.7594,-0.0,0
97.51,87.82,1,0.2333,0,0.2287,0.0319,2.187,0.0,0
100.0,94.35,1,0.201,0,0.2596,0.0409,3.7752,0.0217,0
100.0,95.2,1,0.2452,0,0.2578,0.0315,2.078,0.0,0
97.04,94.32,1,0.268,0,0.2127,0.0085,3.7744,0.0327,0
99.14,96.72,1,0.2383,0,0.2587,0.0162,1.5968,0.0164,0
98.54,91.23,1,0.2668,0,0.2618,0.0482,2.6459,0.0,0
100.0,95.58,1,0.2277,0,0.2638,0.0181,3.296,0.0011,0
99.88,93.27,1,0.2657,0,0.2317,0.0415,3.8624,0.0,0
60.56,57.17,1,0.2374,0,0.2447,0.007,1.8574,0.6655,1
100.0,87.6,1,0.2287,0,0.2797,0.0493,3.1591,0.0403,0
100.0,99.19,1,0.2463,0,0.2755,0.0106,2.1867,0.0,0
99.24,98.92,1,0.2863,0,0.2729,0.0481,3.6837,0.0272,0
100.0,99.86,1,0.2424,0,0.2829,0.0025,3.6515,0.0,0
100.0,92.93,1,0.2503,0,0.2766,0.0288,1.8198,0.0471,0
54.63,49.78,0,0.7388,1,0.768,1.768,2.1663,0.7574,1
100.0,84.67,1,0.2443,0,0.2303,0.0323,2.0909,0.0118,0
98.72,98.25,1,0.2804,0,0.2906,0.045,3.3088,0.0,0
100.0,89.06,1,0.281,0,0.248,0.0149,1.6259,0.0007,0
98.57,88.9,1,0.2916,0,0.2651,0.0201,2.7835,0.002,0
100.0,97.85,1,0.2634,0,0.2306,0.0023,3.776,0.0036,0
100.0,96.45,1,0.2,0,0.2926,0.0288,1.9202,0.0389,0
100.0,89.81,1,0.2803,0,0.2073,0.0302,3.2437,0.0448,0
97.67,89.87,1,0.2973,0,0.2958,0.0309,2.5483,0.003,0
99.53,95.62,1,0.2331,0,0.2874,0.0457,2.6793,0.0402,0
100.0,96.25,1,0.2669,0,0.2864,0.0046,2.1708,0.0,0
100.0,86.63,1,0.2272,0,0.2073,0.0236,2.3695,0.0428,0
100.0,91.91,1,0.2343,0,0.2861,0.0148,3.1326,0.0,0
97.58,95.5,1,0.26,0,0.278,0.0122,2.279,0.0,0
99.92,95.63,1,0.2801,0,0.2901,0.0168,2.0999,0.0447,0
97.13,90.13,1,0.2525,0,0.2798,0.0469,1.8187,0.0413,0
99.91,96.54,1,0.2171,0,0.2056,0.0126,3.9171,0.0025,0
100.0,93.33,1,0.2857,0,0.2393,0.0042,3.8088,0.0,0
97.68,97.94,1,0.296,0,0.2312,0.0206,2.0306,0.0,0
97.44,87.28,1,0.2784,0,0.2763,0.0133,2.0457,0.0225,0
97.1,94.16,1,0.288,0,0.2231,0.0145,3.2534,0.0351,0
97.43,97.02,1,0.204,0,0.2348,0.0226,2.2169,0.0424,0
99.51,94.42,1,0.2453,0,0.2413,0.0408,2.6271,0.0432,0
100.0,95.71,1,0.2158,0,0.2161,0.0418,3.7655,0.0093,0
99.71,92.71,1,0.2621,0,0.2908,0.0242,3.4333,0.0,0
100.0,94.27,1,0.2718,0,0.2092,0.0419,2.6713,0.0101,0
98.76,99.9,1,0.2417,0,0.2627,0.0083,3.7338,0.0058,0
97.41,94.28,1,0.2727,0,0.2878,0.0133,2.4856,0.0,0
100.0,78.7,1,0.2927,0,0.2507,0.008,2.9577,0.0195,0
100.0,91.86,1,0.2883,0,0.2753,0.0461,3.5005,0.0345,0
100.0,90.02,1,0.2386,0,0.2565,0.0378,1.9338,0.0136,0
100.0,89.41,1,0.2522,0,0.2784,0.0384,2.1681,0.0,0
100.0,90.87,1,0.2326,0,0.2187,0.0343,1.5565,0.0,0
97.33,93.97,1,0.2034,0,0.2003,0.0007,2.0429,0.0,0
97.22,85.22,1,0.2499,0,0.228,0.0106,2.1892,0.0165,0
100.0,90.44,1,0.258,0,0.2602,0.0436,2.9304,0.0346,0
98.92,94.65,1,0.2106,0,0.2178,0.0241,1.8417,0.0354,0
100.0,90.7,1,0.2547,0,0.2658,0.0371,3.4479,0.0,0
99.79,100.0,1,0.2947,0,0.203,0.0109,3.6148,0.0436,0
97.7,96.93,1,0.2907,0,0.2911,0.0033,1.7693,0.0032,0
99.68,95.61,1,0.2744,0,0.2876,0.0414,1.6371,0.0092,0
100.0,90.73,1,0.2507,0,0.2751,0.0117,3.6704,0.0,0
100.0,94.52,1,0.269,0,0.2879,0.011,1.9371,0.0,0
100.0,93.31,1,0.2012,0,0.2634,0.02,2.5846,0.0,0
98.08,97.54,1,0.2012,0,0.2076,0.0273,3.0953,0.0136,0
100.0,92.17,1,0.2269,0,0.261,0.0314,3.3783,0.0,0
98.15,99.73,1,0.2964,0,0.2537,0.0463,1.86,0.0,0
100.0,95.01,1,0.2514,0,0.2484,0.0378,2.2698,0.0,0
100.0,91.0,1,0.2251,0,0.2559,0.0263,1.7918,0.0,0
97.4,93.13,1,0.2546,0,0.2934,0.0072,3.7498,0.0,0
99.95,90.23,1,0.2238,0,0.2381,0.0068,2.9075,0.0,0
97.31,96.97,1,0.2881,0,0.2646,0.0065,3.5822,0.0,0
100.0,90.66,1,0.2129,0,0.2853,0.0493,2.8541,0.0,0
100.0,92.17,1,0.2128,0,0.294,0.0406,2.9241,0.0517,0
99.86,94.82,1,0.219,0,0.2308,0.0043,2.047,0.0074,0
100.0,97.43,1,0.2737,0,0.2449,0.0152,2.5573,0.0307,0
97.27,92.06,1,0.2835,0,0.2668,0.0161,2.6106,0.0,0
99.46,93.55,1,0.203,0,0.214,0.0158,3.7111,0.0321,0
100.0,92.92,1,0.2856,0,0.263,0.0003,2.0388,0.0059,0
100.0,86.21,1,0.2052,0,0.2052,0.0216,1.6199,0.0,0
98.91,98.59,1,0.2796,0,0.2962,0.0429,3.1525,0.0242,0
99.36,90.84,1,0.2386,0,0.2708,0.0054,1.7502,0.0,0
100.0,91.2,1,0.2741,0,0.2042,0.0032,2.053,0.0086,0
97.34,90.47,1,0.2118,0,0.2714,0.0324,2.3291,0.0,0
100.0,88.78,1,0.2838,0,0.2087,0.0386,2.5428,0.0,0
100.0,94.14,1,0.2559,0,0.2084,0.0122,2.0488,0.0,0
50.9,72.38,1,0.2006,0,0.2012,0.0454,1.6577,0.6322,1
100.0,92.15,1,0.2687,0,0.2333,0.0341,1.7253,0.0,0
99.79,91.36,1,0.2917,0,0.2011,0.0238,3.7754,0.0,0
98.11,92.25,1,0.2421,0,0.2263,0.04,1.5998,0.0451,0
100.0,92.75,1,0.2071,0,0.2587,0.0162,1.8115,0.0218,0
100.0,90.38,1,0.205,0,0.2948,0.0135,2.4779,0.0207,0
100.0,91.14,1,0.2367,0,0.2905,0.0131,1.5846,0.0,0
100.0,90.48,1,0.2936,0,0.2918,0.0092,2.4488,0.051,0
99.55,90.97,1,0.2534,0,0.2877,0.0439,3.8889,0.0517,0
98.29,90.45,1,0.2825,0,0.2157,0.0196,2.7259,0.0,0
97.82,92.14,1,0.2974,0,0.255,0.0437,2.9005,0.0,0
61.67,64.4,1,0.283,0,0.249,0.0442,1.8721,0.6896,1
100.0,81.96,1,0.2221,0,0.2718,0.0066,2.3119,0.0,0
99.63,93.52,1,0.2083,0,0.2591,0.002,3.8833,0.0409,0
99.71,95.29,1,0.2297,0,0.278,0.0484,3.1645,0.0264,0
100.0,92.88,1,0.277,0,0.2873,0.0106,3.0144,0.0147,0
38.57,56.04,1,0.2477,0,0.2785,0.0191,3.0539,0.7545,1
100.0,91.54,1,0.2702,0,0.2228,0.0065,3.6623,0.042,0
97.32,94.29,1,0.2181,0,0.2556,0.0473,2.4144,0.0,0
49.44,54.16,0,0.7951,1,0.7002,3.072,3.2272,0.7432,1
99.08,96.74,1,0.2626,0,0.2261,0.0404,1.6368,0.0,0
100.0,85.08,1,0.2628,0,0.2623,0.043,3.2502,0.0082,0
100.0,88.8,1,0.2966,0,0.2321,0.0462,2.2888,0.0,0
99.32,95.56,1,0.2109,0,0.2862,0.023,2.2459,0.0,0
100.0,93.64,1,0.2527,0,0.2842,0.0281,3.9253,0.002,0
100.0,96.57,1,0.2871,0,0.2255,0.0254,2.3376,0.01,0
99.0,95.98,1,0.2319,0,0.2019,0.0269,2.0846,0.0,0
100.0,92.56,1,0.2138,0,0.2859,0.0121,3.3544,0.0,0
100.0,91.15,1,0.2677,0,0.2937,0.0289,2.0349,0.0,0
100.0,94.21,1,0.2654,0,0.2346,0.013,2.2211,0.0449,0
100.0,91.81,1,0.2033,0,0.2354,0.0292,2.4981,0.0,0
98.26,91.27,1,0.285,0,0.2415,0.0412,2.6885,0.0,0
98.51,93.47,1,0.2942,0,0.2786,0.0001,3.4798,0.028,0
100.0,90.16,1,0.298,0,0.296,0.0432,2.8055,0.0,0
53.78,71.48,0,0.7863,1,0.7146,1.681,3.5179,0.7804,1
97.59,89.14,1,0.2015,0,0.2703,0.0305,3.7745,0.0,0
100.0,98.37,1,0.2747,0,0.235,0.0128,3.814,0.0,0
98.14,96.43,1,0.2198,0,0.2718,0.0499,2.4461,0.0242,0
100.0,99.14,1,0.2683,0,0.2122,0.0308,2.5851,0.0,0
98.13,90.01,1,0.2342,0,0.2927,0.0486,2.8412,0.0,0
97.59,98.39,1,0.278,0,0.241,0.0386,3.3948,0.0143,0
100.0,95.07,1,0.2659,0,0.2601,0.0438,2.5959,0.0025,0
99.15,92.7,1,0.2006,0,0.2666,0.0129,3.3111,0.0,0
100.0,96.56,1,0.2407,0,0.235,0.0322,2.304,0.0,0
100.0,100.0,1,0.2178,0,0.2213,0.0177,2.1218,0.0225,0
100.0,94.96,1,0.2115,0,0.2002,0.0409,3.3395,0.0,0
100.0,94.65,1,0.2339,0,0.2599,0.0488,1.5916,0.0417,0
100.0,97.36,1,0.2709,0,0.2758,0.0107,1.7782,0.0084,0
97.48,97.12,1,0.2235,0,0.2471,0.0368,1.5388,0.0252,0
98.21,89.15,1,0.2122,0,0.279,0.0373,2.7242,0.0127,0
100.0,95.55,1,0.2131,0,0.293,0.0175,3.9754,0.0472,0
100.0,92.19,1,0.2506,0,0.297,0.0072,1.6732,0.0499,0
100.0,95.94,1,0.2974,0,0.2453,0.016,3.9887,0.0,0
100.0,96.6,1,0.2434,0,0.2367,0.0084,1.5139,0.025,0
100.0,96.12,1,0.2901,0,0.2359,0.0442,2.7975,0.0,0
100.0,94.88,1,0.2729,0,0.2085,0.0414,2.2989,0.0,0
97.98,92.53,1,0.2318,0,0.2864,0.0383,3.8486,0.0,0
98.92,96.9,1,0.2647,0,0.2108,0.0379,2.5268,0.0215,0
100.0,89.44,1,0.2004,0,0.2592,0.02,3.7676,0.02,0
100.0,90.09,1,0.2919,0,0.231,0.0453,3.9942,0.0,0
100.0,85.56,1,0.2349,0,0.2415,0.0405,2.9898,0.0,0
99.77,91.18,1,0.2542,0,0.264,0.0453,3.6989,0.0268,0
98.68,96.92,1,0.2278,0,0.232,0.025,1.8498,0.0,0
98.38,93.33,1,0.2017,0,0.2273,0.0142,3.6313,0.0,0
100.0,92.89,1,0.2306,0,0.2107,0.0324,3.1013,0.0422,0
97.39,90.22,1,0.2367,0,0.2371,0.0341,1.9145,0.0,0
97.4,92.15,1,0.2572,0,0.2997,0.0353,3.5589,0.0003,0
100.0,94.92,1,0.2263,0,0.2932,0.0194,3.9538,0.0316,0
100.0,90.55,1,0.2511,0,0.2258,0.0258,2.7805,0.0,0
100.0,95.99,1,0.2836,0,0.2472,0.0056,2.1893,0.0,0
100.0,94.83,1,0.2531,0,0.2739,0.03,1.825,0.0,0
54.18,62.24,0,0.74,1,0.7706,1.842,1.6226,0.7092,1
99.61,94.88,1,0.2208,0,0.2811,0.0095,3.189,0.0257,0
99.36,88.92,1,0.2473,0,0.2557,0.0246,2.7291,0.0083,0
100.0,89.43,1,0.2716,0,0.2226,0.0174,2.8326,0.018,0
98.15,93.92,1,0.2727,0,0.2336,0.0327,2.2427,0.0,0
100.0,86.47,1,0.2082,0,0.2064,0.0404,1.914,0.0196,0
100.0,95.18,1,0.2362,0,0.2776,0.0205,3.0523,0.0205,0
97.16,94.89,1,0.2297,0,0.2408,0.0417,3.3823,0.0288,0
100.0,92.58,1,0.2344,0,0.2708,0.0087,3.2925,0.0062,0
100.0,91.03,1,0.2626,0,0.2916,0.0318,3.8682,0.0035,0
100.0,100.0,1,0.2096,0,0.2642,0.0215,1.7762,0.0,0
100.0,99.03,1,0.2986,0,0.2297,0.0188,2.6724,0.0444,0
100.0,95.46,1,0.2139,0,0.2231,0.0114,3.8703,0.0,0
100.0,90.51,1,0.2687,0,0.2621,0.0121,2.5172,0.038,0
100.0,92.69,1,0.2003,0,0.264,0.0229,1.8181,0.0,0
100.0,89.93,1,0.2131,0,0.2304,0.0419,2.2113,0.0374,0
98.21,91.32,1,0.2536,0,0.2925,0.0276,1.9427,0.0,0
100.0,91.95,1,0.269,0,0.2572,0.0286,2.7155,0.0368,0
100.0,92.68,1,0.2677,0,0.2699,0.0356,2.7358,0.0036,0
100.0,95.05,1,0.2225,0,0.2206,0.0146,2.6354,0.0,0
100.0,95.92,1,0.2476,0,0.2747,0.019,2.6382,0.0363,0
100.0,90.67,1,0.2476,0,0.2258,0.0424,2.7683,0.0,0
100.0,89.32,1,0.274,0,0.2472,0.0026,3.1984,0.0,0
98.48,95.13,1,0.2328,0,0.2672,0.0257,2.6478,0.0,0
98.91,87.67,1,0.2639,0,0.2056,0.0268,2.3162,0.0,0
97.75,96.75,1,0.2832,0,0.2584,0.0276,2.3189,0.0013,0
98.7,89.78,1,0.2372,0,0.241,0.0381,2.5517,0.0,0
97.87,92.11,1,0.2835,0,0.2621,0.0226,3.0156,0.0009,0
100.0,95.94,1,0.2983,0,0.2026,0.0422,2.8333,0.0,0
100.0,90.55,1,0.2429,0,0.2385,0.017,1.5311,0.0,0
100.0,95.44,1,0.2858,0,0.269,0.017,3.954,0.0,0
100.0,91.3,1,0.2625,0,0.2835,0.0482,2.4696,0.0,0
97.13,96.3,1,0.2746,0,0.2379,0.0162,1.9603,0.0,0
100.0,87.33,1,0.2939,0,0.2144,0.0096,3.5432,0.0,0
100.0,93.12,1,0.2354,0,0.256,0.0276,3.7163,0.0,0
100.0,92.09,1,0.2897,0,0.24,0.0476,3.2599,0.0384,0
100.0,98.69,1,0.263,0,0.2629,0.039,1.5018,0.0184,0
97.59,91.24,1,0.2617,0,0.2097,0.0218,2.0152,0.0418,0
99.47,92.94,1,0.2147,0,0.2876,0.0253,3.4261,0.0,0
99.29,94.79,1,0.2097,0,0.2168,0.0499,2.4686,0.0294,0
100.0,96.09,1,0.2928,0,0.2396,0.0359,2.3154,0.0,0
100.0,88.14,1,0.2412,0,0.2169,0.0051,2.9249,0.0347,0
97.78,93.01,1,0.2873,0,0.2148,0.0305,1.9498,0.0028,0
100.0,94.34,1,0.2341,0,0.2999,0.0471,3.0987,0.0,0
100.0,99.55,1,0.2786,0,0.2571,0.0097,2.1535,0.0159,0
98.44,96.98,1,0.2428,0,0.2453,0.0387,2.5295,0.0,0
99.3,95.18,1,0.2517,0,0.2658,0.0207,2.8338,0.0167,0
100.0,90.19,1,0.2944,0,0.2791,0.0072,3.4236,0.0,0
100.0,93.4,1,0.2121,0,0.2948,0.0419,3.8281,0.0,0
99.51,96.86,1,0.2361,0,0.2675,0.032,3.3977,0.0412,0
100.0,92.05,1,0.2951,0,0.2858,0.0006,2.3223,0.0258,0
53.27,67.18,0,0.2778,0,0.2838,0.0415,3.1319,0.7108,1
100.0,88.49,1,0.2544,0,0.2679,0.0268,3.8952,0.0234,0
100.0,98.74,1,0.244,0,0.225,0.0312,2.4792,0.0316,0
99.44,99.11,1,0.2173,0,0.2545,0.0282,1.5777,0.0,0
97.46,89.71,1,0.2627,0,0.2264,0.0195,3.9215,0.047,0
100.0,93.6,1,0.2932,0,0.2859,0.0068,3.5247,0.0,0
100.0,100.0,1,0.2383,0,0.2,0.0359,1.7815,0.0,0
100.0,94.0,1,0.2753,0,0.2014,0.0342,2.5615,0.0353,0
100.0,85.4,1,0.2437,0,0.2056,0.043,1.95,0.0,0
100.0,93.55,1,0.2897,0,0.2798,0.0307,1.5554,0.0,0
98.85,91.05,1,0.2037,0,0.2369,0.0022,2.4504,0.0319,0
100.0,92.77,1,0.2117,0,0.2792,0.0206,2.9993,0.0,0
100.0,95.45,1,0.2262,0,0.2675,0.0052,1.6698,0.0123,0
100.0,95.52,1,0.2964,0,0.2515,0.0298,2.6343,0.0,0
99.87,90.05,1,0.2439,0,0.2145,0.0102,3.0019,0.0,0
99.5,97.39,1,0.2916,0,0.2827,0.0472,1.7442,0.0007,0
99.06,98.4,1,0.2705,0,0.2836,0.0078,1.818,0.0,0
100.0,96.43,1,0.2194,0,0.2153,0.0416,3.1172,0.0485,0
100.0,90.36,1,0.2789,0,0.2645,0.0304,2.4137,0.0319,0
97.36,88.56,1,0.2016,0,0.2021,0.0154,3.7944,0.0,0
97.9,91.01,1,0.2871,0,0.2212,0.0396,1.8203,0.0,0
100.0,97.99,1,0.2558,0,0.2366,0.0483,3.7432,0.0409,0
98.06,96.48,1,0.2622,0,0.2446,0.0072,2.4526,0.0435,0
100.0,91.4,1,0.2793,0,0.2442,0.042,2.294,0.0505,0
98.15,86.82,1,0.273,0,0.2107,0.0406,3.9312,0.0,0
100.0,88.81,1,0.2695,0,0.218,0.038,2.2969,0.0,0
100.0,88.2,1,0.2732,0,0.2575,0.0135,2.7407,0.0,0
100.0,91.51,1,0.2099,0,0.2957,0.0385,2.0374,0.0,0
98.02,94.4,1,0.2113,0,0.2614,0.004,3.213,0.0,0
98.16,86.44,1,0.2842,0,0.2389,0.0053,1.6145,0.0303,0
100.0,86.5,1,0.2826,0,0.2541,0.0153,3.8798,0.0,0
100.0,90.45,1,0.2101,0,0.2732,0.0129,1.9786,0.0,0
100.0,90.78,1,0.261,0,0.2402,0.0238,3.3649,0.0354,0
100.0,92.54,1,0.2683,0,0.2427,0.0283,2.09,0.0381,0
100.0,89.24,1,0.2458,0,0.2186,0.015,1.9831,0.0,0
100.0,89.61,1,0.2912,0,0.203,0.0348,3.2651,0.0325,0
97.13,87.7,1,0.2306,0,0.2754,0.0003,3.1746,0.0167,0
97.56,94.41,1,0.2443,0,0.272,0.0114,2.5548,0.0421,0
100.0,86.89,1,0.231,0,0.2809,0.0177,3.2467,0.0352,0
100.0,98.9,1,0.2899,0,0.2274,0.0197,1.9632,0.0443,0
98.54,89.34,1,0.234,0,0.2837,0.0182,3.9765,0.0391,0
100.0,97.38,1,0.2979,0,0.2669,0.0006,1.7111,0.0,0
100.0,94.29,1,0.2192,0,0.2329,0.0469,3.1511,0.0,0
100.0,93.14,1,0.2012,0,0.2774,0.0382,3.0931,0.0041,0
100.0,91.49,1,0.2117,0,0.2263,0.0003,2.0003,0.0,0
100.0,97.72,1,0.2866,0,0.2358,0.0175,1.8208,0.0155,0
97.9,85.26,1,0.2373,0,0.2742,0.0221,3.2221,0.0386,0
97.68,87.11,1,0.2914,0,0.2752,0.0108,3.6125,0.0,0
100.0,97.89,1,0.2508,0,0.2456,0.0458,1.8674,0.0,0
100.0,96.46,1,0.2806,0,0.2672,0.0365,3.826,0.0,0
97.34,92.54,1,0.2263,0,0.2823,0.0432,2.8306,0.0,0
97.51,89.72,1,0.2916,0,0.2958,0.0369,2.3124,0.0373,0
100.0,97.22,1,0.238,0,0.2897,0.0177,1.6962,0.0463,0
99.55,94.04,1,0.2448,0,0.2741,0.0238,2.6891,0.0065,0
97.01,92.82,1,0.2377,0,0.2036,0.003,3.2077,0.0158,0
99.76,91.98,1,0.2979,0,0.2158,0.0211,2.4006,0.0089,0
68.59,57.34,1,0.21,0,0.2775,0.0401,2.1014,0.6809,1
100.0,93.45,1,0.2445,0,0.238,0.0374,2.2785,0.0,0
98.84,92.75,1,0.2536,0,0.2728,0.0392,1.7254,0.0034,0
100.0,97.62,1,0.2757,0,0.2015,0.0135,3.0935,0.0278,0
100.0,87.17,1,0.2188,0,0.2808,0.0049,2.4408,0.0,0
100.0,92.29,1,0.217,0,0.2961,0.023,1.6591,0.0,0
98.12,90.82,1,0.2875,0,0.2716,0.024,1.8105,0.0,0
98.07,92.27,1,0.2134,0,0.2589,0.0312,3.2567,0.0494,0
100.0,90.25,1,0.2358,0,0.2867,0.0047,3.2861,0.0,0
97.22,94.77,1,0.2975,0,0.2622,0.0019,2.2059,0.0089,0
100.0,97.85,1,0.2172,0,0.2362,0.0374,1.5143,0.0383,0
97.44,90.88,1,0.2507,0,0.2406,0.032,2.6667,0.0448,0
99.42,98.34,1,0.2941,0,0.2818,0.011,3.8144,0.0,0
97.02,92.11,1,0.2038,0,0.2824,0.042,2.5138,0.0258,0
99.59,88.71,1,0.2016,0,0.2149,0.0174,3.2526,0.0051,0
97.75,94.08,1,0.2295,0,0.2599,0.024,3.1806,0.0,0
99.26,91.9,1,0.2605,0,0.2098,0.0063,3.7298,0.0459,0
98.89,90.83,1,0.2234,0,0.2397,0.0486,2.3473,0.0523,0
100.0,92.6,1,0.2682,0,0.2975,0.0363,2.0566,0.0486,0
100.0,94.26,1,0.2458,0,0.2095,0.012,3.6799,0.0,0
100.0,94.52,1,0.2406,0,0.2766,0.0475,2.9744,0.0,0
100.0,90.34,1,0.2291,0,0.2406,0.0191,2.8153,0.0,0
97.93,93.4,1,0.2846,0,0.2064,0.0213,3.3572,0.0107,0
100.0,93.43,1,0.2557,0,0.2067,0.0082,3.1103,0.0,0
100.0,94.92,1,0.2236,0,0.2961,0.0213,2.4134,0.0,0
98.95,98.4,1,0.2915,0,0.2908,0.0487,3.9926,0.0,0
99.47,99.66,1,0.2596,0,0.2885,0.0217,2.9199,0.0,0
98.42,96.37,1,0.2912,0,0.2448,0.035,2.5388,0.0,0
100.0,95.85,1,0.2232,0,0.2641,0.0489,1.7258,0.0,0
98.48,89.64,1,0.2193,0,0.2025,0.0311,3.4617,0.0184,0
99.13,93.12,1,0.2163,0,0.2301,0.0142,3.5747,0.0,0
98.42,93.79,1,0.2699,0,0.2996,0.0172,3.1344,0.0,0
97.58,91.65,1,0.284,0,0.2857,0.0118,1.6689,0.0185,0
64.31,63.34,1,0.2074,0,0.2212,0.0473,47.6631,0.6472,1
99.33,86.43,1,0.2606,0,0.2466,0.0447,2.7085,0.0,0
100.0,89.07,1,0.2482,0,0.2856,0.0318,1.8714,0.0325,0
100.0,94.22,1,0.2111,0,0.2266,0.004,1.6563,0.0326,0
100.0,99.84,1,0.2683,0,0.2515,0.0396,2.4052,0.0,0
99.3,92.59,1,0.236,0,0.2254,0.0409,3.2497,0.0,0
98.07,93.64,1,0.2796,0,0.2635,0.0375,2.9869,0.0,0
100.0,97.93,1,0.2482,0,0.2216,0.0086,2.0908,0.0031,0
99.69,96.34,1,0.2939,0,0.2054,0.0141,2.3829,0.0015,0
100.0,89.27,1,0.2897,0,0.2904,0.0406,3.5735,0.0471,0
100.0,92.09,1,0.2659,0,0.2644,0.0222,3.5902,0.0117,0
98.05,89.18,1,0.2005,0,0.2147,0.0121,3.5692,0.0,0
99.8,96.26,1,0.2589,0,0.2385,0.0321,2.9778,0.0,0
100.0,91.64,1,0.2797,0,0.2814,0.0297,2.4639,0.0,0
98.55,93.46,1,0.2416,0,0.2311,0.026,3.5643,0.0,0
99.29,96.15,1,0.247,0,0.2602,0.0172,3.407,0.0,0
97.87,95.47,1,0.2703,0,0.2815,0.0387,2.4739,0.0262,0
99.61,94.32,1,0.2711,0,0.2451,0.0285,2.7337,0.0232,0
97.88,91.3,1,0.275,0,0.2973,0.0433,3.2622,0.0081,0
100.0,90.36,1,0.2958,0,0.2617,0.0415,3.7,0.0,0
99.79,92.93,1,0.2463,0,0.2215,0.0471,3.0142,0.0,0
98.73,94.41,1,0.2847,0,0.2978,0.037,1.865,0.0,0
100.0,92.27,1,0.2335,0,0.2819,0.0069,3.5837,0.0086,0
97.43,92.67,1,0.2292,0,0.2705,0.0183,1.703,0.0133,0
100.0,93.43,1,0.2151,0,0.2424,0.0376,1.7723,0.002,0
98.11,94.09,1,0.2888,0,0.2551,0.0067,2.6868,0.0,0
97.58,95.26,1,0.283,0,0.2005,0.0338,3.7691,0.0302,0
99.0,89.4,1,0.2708,0,0.2143,0.0164,2.3123,0.0028,0
98.61,94.21,1,0.2765,0,0.244,0.0118,3.8223,0.0227,0
100.0,91.65,1,0.2658,0,0.2493,0.0272,2.1486,0.0,0
97.68,86.48,1,0.2601,0,0.2727,0.0045,3.5375,0.0,0
98.71,91.44,1,0.2886,0,0.2643,0.0347,2.6956,0.0,0
99.28,90.12,1,0.2589,0,0.2866,0.0204,2.4348,0.0,0
100.0,92.87,1,0.2941,0,0.2225,0.0299,2.3703,0.0224,0
97.83,91.14,1,0.2372,0,0.2747,0.0044,3.6776,0.0,0
100.0,90.12,1,0.2134,0,0.2369,0.0219,1.7152,0.0193,0
99.68,93.11,1,0.22,0,0.2477,0.0392,2.6727,0.0,0
99.73,93.06,1,0.217,0,0.2901,0.0355,3.2922,0.0207,0
99.78,91.6,1,0.2489,0,0.2445,0.0269,2.9913,0.0,0
98.65,92.53,1,0.2597,0,0.2115,0.0096,2.0358,0.0,0
100.0,91.36,1,0.2129,0,0.2596,0.0295,2.9802,0.0,0
100.0,91.43,1,0.2319,0,0.2735,0.0338,1.814,0.0025,0
97.62,94.09,1,0.2657,0,0.2425,0.028,2.8715,0.0,0
98.4,90.88,1,0.2927,0,0.2959,0.0378,2.7007,0.0,0
99.57,95.22,1,0.2251,0,0.2437,0.0188,3.8007,0.0089,0
100.0,91.53,1,0.2131,0,0.2242,0.0197,3.367,0.0,0
100.0,92.57,1,0.2279,0,0.2648,0.0471,1.8911,0.0,0
97.15,96.4,1,0.2703,0,0.2979,0.0455,2.4572,0.029,0
100.0,96.19,1,0.2612,0,0.2279,0.0091,3.1492,0.0,0
98.2,93.31,1,0.2059,0,0.2063,0.0123,3.607,0.0508,0
99.51,97.39,1,0.2811,0,0.2617,0.0284,1.9012,0.0,0
100.0,97.45,1,0.208,0,0.2266,0.0279,3.7455,0.0,0
98.55,93.43,1,0.2933,0,0.2663,0.0039,3.0947,0.0242,0
97.98,91.17,1,0.2647,0,0.2134,0.0457,2.9994,0.0,0
97.43,92.39,1,0.2051,0,0.2067,0.0387,3.6331,0.0,0
98.2,90.38,1,0.2771,0,0.2235,0.0398,2.7594,0.0047,0
100.0,97.77,1,0.2365,0,0.2827,0.0346,2.5524,0.0452,0
100.0,94.28,1,0.2443,0,0.202,0.0083,2.489,0.0,0
97.2,94.46,1,0.2056,0,0.2508,0.0182,3.5403,0.03,0
99.82,96.07,1,0.2399,0,0.2926,0.0163,1.6123,0.0181,0
100.0,96.17,1,0.2606,0,0.2137,0.0494,1.8305,0.0021,0
97.3,94.17,1,0.2069,0,0.2643,0.0057,3.1099,0.0,0
100.0,87.38,1,0.2637,0,0.2146,0.0277,1.5006,0.0,0
97.71,98.94,1,0.2995,0,0.2918,0.0386,2.3225,0.0373,0
97.28,94.02,1,0.2139,0,0.2624,0.0203,3.2661,0.0,0
98.15,92.73,1,0.2907,0,0.2765,0.0263,3.2066,0.0,0
98.76,96.51,1,0.2489,0,0.2576,0.0083,3.7615,0.0125,0
100.0,91.39,1,0.2428,0,0.2689,0.0104,3.2281,0.0192,0
100.0,90.75,1,0.2623,0,0.2997,0.0348,3.8211,0.0388,0
100.0,93.32,1,0.2977,0,0.2729,0.0362,2.0846,0.0,0
97.88,95.58,1,0.2689,0,0.2415,0.0279,1.848,0.0517,0
100.0,85.47,1,0.2389,0,0.2427,0.0453,2.2686,0.0336,0
97.77,90.55,1,0.2775,0,0.2901,0.0186,2.0063,0.0,0
97.76,96.77,1,0.2858,0,0.2723,0.0363,2.585,0.0,0
100.0,94.47,1,0.2493,0,0.2593,0.0363,2.0532,0.0,0
100.0,97.5,1,0.2891,0,0.2455,0.0232,2.6565,0.0,0
100.0,91.57,1,0.236,0,0.221,0.0414,2.3864,0.0,0
100.0,94.15,1,0.2918,0,0.2811,0.0263,2.5368,0.0065,0
100.0,89.56,1,0.2595,0,0.2894,0.0313,2.9938,0.0131,0
100.0,92.08,1,0.2005,0,0.253,0.0022,3.3093,0.0263,0
100.0,94.09,1,0.2978,0,0.2612,0.0345,1.5879,0.0029,0
100.0,95.27,1,0.2369,0,0.2668,0.0326,1.5732,0.0451,0
98.39,97.0,1,0.2207,0,0.2552,0.0453,3.1974,0.032,0
100.0,99.9,1,0.2708,0,0.2675,0.007,3.3493,0.0428,0
99.13,100.0,1,0.2428,0,0.2212,0.0095,2.3972,0.0,0
100.0,90.87,1,0.2344,0,0.2799,0.0241,3.0868,0.0,0
100.0,96.31,1,0.2933,0,0.2735,0.0174,1.7661,0.0408,0
45.69,63.81,1,0.2456,0,0.246,0.007,2.7581,0.6332,1
55.17,57.32,1,0.2625,0,0.2442,0.0077,3.5292,0.6306,1
98.06,99.19,1,0.2641,0,0.231,0.0358,2.0273,0.0438,0
100.0,92.12,1,0.2541,0,0.2553,0.0374,2.7545,0.0007,0
98.38,86.52,1,0.2979,0,0.2953,0.0446,3.8048,0.0,0
98.08,93.26,1,0.2929,0,0.2299,0.0155,2.1059,0.0,0
100.0,91.89,1,0.2609,0,0.2824,0.0227,2.8586,0.0247,0
100.0,93.04,1,0.2904,0,0.2435,0.0069,2.5996,0.0,0
98.28,94.47,1,0.2928,0,0.2426,0.0062,1.6026,0.0,0
100.0,97.88,1,0.2085,0,0.2379,0.0006,2.4616,0.0431,0
97.61,94.41,1,0.2619,0,0.2954,0.0085,2.4135,0.0,0
97.92,89.54,1,0.2695,0,0.2481,0.014,2.2551,0.0023,0
99.39,92.26,1,0.2789,0,0.2563,0.0283,3.9508,0.0,0
97.93,97.2,1,0.2681,0,0.2571,0.0311,3.6104,0.0,0
98.39,98.98,1,0.2641,0,0.2435,0.0274,1.503,0.0,0
100.0,92.68,1,0.219,0,0.2274,0.0016,2.6611,0.0,0
98.94,90.58,1,0.2484,0,0.2823,0.026,3.741,0.0,0
99.74,92.79,1,0.2536,0,0.2483,0.0226,3.1371,0.0172,0
100.0,99.95,1,0.2262,0,0.2594,0.0386,2.7813,0.0,0
100.0,91.46,1,0.2399,0,0.2472,0.0454,3.7113,0.0,0
100.0,99.91,1,0.2792,0,0.2618,0.0332,3.5086,0.0,0
100.0,91.7,1,0.2032,0,0.2938,0.0356,3.3053,0.0,0
97.92,89.48,1,0.2234,0,0.2819,0.0194,2.6601,0.0126,0
99.1,90.13,1,0.2381,0,0.2397,0.0296,2.914,0.0,0
100.0,95.41,1,0.2601,0,0.2877,0.0273,1.7586,0.0386,0
100.0,94.4,1,0.2456,0,0.2177,0.0486,1.657,0.0505,0
100.0,94.48,1,0.2478,0,0.2809,0.0366,2.0305,0.015,0
98.09,92.28,1,0.2435,0,0.2893,0.0138,3.9769,0.0,0
100.0,90.48,1,0.2073,0,0.2827,0.0444,2.3301,0.0,0
97.93,94.21,1,0.2298,0,0.2592,0.0268,3.1546,0.0,0
100.0,94.96,1,0.2109,0,0.2328,0.0079,1.8266,0.0416,0
98.56,87.46,1,0.2848,0,0.249,0.0417,2.4928,0.0439,0
97.54,92.08,1,0.2622,0,0.2235,0.0264,2.2887,0.0361,0
97.96,96.03,1,0.2993,0,0.2563,0.004,3.257,0.0,0
100.0,91.06,1,0.2343,0,0.2533,0.0195,2.9166,0.0466,0
100.0,94.04,1,0.2749,0,0.2426,0.0244,3.3551,0.0,0
100.0,87.04,1,0.2439,0,0.2547,0.0138,3.0809,0.0024,0
100.0,86.81,1,0.2948,0,0.2132,0.0147,2.5753,0.0159,0
100.0,93.7,1,0.2177,0,0.2559,0.0065,1.9189,0.05,0
100.0,95.38,1,0.2322,0,0.2832,0.0355,1.7593,0.0,0
99.41,96.01,1,0.2175,0,0.2326,0.0027,2.9689,0.0215,0
98.19,93.39,1,0.2403,0,0.2287,0.0141,3.7919,0.0046,0
98.0,94.06,1,0.2556,0,0.2566,0.0106,1.8478,0.0,0
100.0,99.92,1,0.2201,0,0.277,0.0224,1.7742,0.0488,0
33.04,68.98,0,0.7569,1,0.718,2.087,3.1951,0.7664,1
99.21,94.46,1,0.2281,0,0.2255,0.0149,3.4365,0.0079,0
99.79,90.74,1,0.2339,0,0.2712,0.0437,2.1745,0.0,0
98.53,96.13,1,0.2315,0,0.2415,0.0434,3.259,0.0452,0
100.0,97.71,1,0.2214,0,0.2022,0.0204,3.7496,0.0388,0
99.16,92.16,1,0.2258,0,0.2631,0.0415,3.8156,0.0,0
99.38,98.33,1,0.2088,0,0.2051,0.015,3.0162,0.0404,0
100.0,99.47,1,0.2068,0,0.2167,0.0129,3.8684,0.0,0
98.31,97.89,1,0.2644,0,0.2391,0.0435,2.4892,0.0,0
100.0,93.65,1,0.2856,0,0.2994,0.0337,3.4376,0.0,0
62.55,64.88,1,0.279,0,0.2547,0.0122,2.3716,0.5952,1
100.0,93.39,1,0.2594,0,0.284,0.0013,3.4818,0.0,0
100.0,91.84,1,0.2977,0,0.2452,0.0375,3.3592,0.0253,0
100.0,95.05,1,0.2066,0,0.2943,0.0156,1.6048,0.0,0
99.34,94.74,1,0.2677,0,0.2116,0.0049,2.037,0.0195,0
98.75,92.42,1,0.2119,0,0.2189,0.0144,1.9354,0.0,0
100.0,92.51,1,0.2942,0,0.2623,0.0217,1.5712,0.0,0
99.34,96.95,1,0.2863,0,0.2416,0.0109,3.4855,0.0297,0
100.0,89.63,1,0.2398,0,0.2352,0.003,2.1059,0.0,0
100.0,92.53,1,0.2034,0,0.2997,0.0167,2.3764,0.0201,0
98.44,91.65,1,0.2144,0,0.2307,0.0251,3.0874,0.0,0
100.0,93.12,1,0.2966,0,0.2346,0.0398,3.7393,0.0,0
97.84,95.89,1,0.2979,0,0.2051,0.0391,3.5526,0.0373,0
98.19,88.84,1,0.2029,0,0.2758,0.008,1.9853,0.0,0
97.5,93.89,1,0.2412,0,0.2161,0.0235,1.8801,0.0,0
98.53,90.15,1,0.271,0,0.2525,0.0433,1.5255,0.0016,0
100.0,90.9,1,0.2249,0,0.2332,0.0025,2.7807,0.0054,0
100.0,94.54,1,0.2742,0,0.2564,0.0243,2.4896,0.0,0
100.0,89.19,1,0.2826,0,0.2524,0.0251,3.5959,0.0,0
98.95,91.33,1,0.2621,0,0.2832,0.0415,2.5422,0.0041,0
97.17,89.31,1,0.215,0,0.2548,0.0249,3.4008,0.0472,0
99.09,92.11,1,0.2056,0,0.2985,0.0051,3.6259,0.0,0
99.59,92.37,1,0.2875,0,0.2461,0.0345,3.1632,0.0166,0
99.08,92.25,1,0.2914,0,0.2965,0.0284,2.4844,0.0177,0
100.0,88.87,1,0.2288,0,0.2473,0.0234,3.257,0.0102,0
100.0,89.48,1,0.2122,0,0.2838,0.0144,3.1269,0.0,0
100.0,90.52,1,0.2123,0,0.2082,0.0038,1.541,0.0,0
98.69,94.15,1,0.233,0,0.2582,0.0459,3.7699,0.0,0
99.07,93.69,1,0.2602,0,0.2516,0.0421,3.9953,0.0101,0
100.0,91.66,1,0.2889,0,0.2895,0.047,1.6767,0.0198,0
99.96,96.31,1,0.2424,0,0.2107,0.047,2.228,0.027,0
100.0,87.36,1,0.2924,0,0.2833,0.0087,2.0216,0.0,0
97.37,92.74,1,0.2969,0,0.2997,0.0161,3.0055,0.0,0
100.0,92.99,1,0.2491,0,0.2777,0.0239,3.9801,0.0,0
100.0,93.2,1,0.2548,0,0.2314,0.0203,2.2391,0.0085,0
100.0,99.71,1,0.2372,0,0.2338,0.0482,3.6916,0.0,0
97.4,95.8,1,0.243,0,0.2577,0.0147,2.0312,0.0297,0
99.5,99.37,1,0.2517,0,0.2188,0.0061,3.8522,0.0,0
98.4,94.28,1,0.2687,0,0.2079,0.0232,2.8129,0.0246,0
97.6,89.63,1,0.2643,0,0.2005,0.0254,3.5213,0.0381,0
97.14,87.81,1,0.226,0,0.2925,0.0204,2.604,0.0497,0
98.81,90.25,1,0.296,0,0.279,0.0394,3.263,0.044,0
99.26,99.28,1,0.2775,0,0.2811,0.0247,2.4462,0.0421,0
99.88,94.76,1,0.2635,0,0.2275,0.0153,2.7013,0.0,0
97.58,95.64,1,0.2204,0,0.2633,0.0243,3.1334,0.0,0
98.42,94.38,1,0.2665,0,0.2758,0.045,2.3003,0.0032,0
59.27,67.83,1,0.2071,0,0.2509,0.0431,37.8091,0.6322,1
100.0,95.54,1,0.2756,0,0.2828,0.0328,3.5673,0.0,0
100.0,94.58,1,0.283,0,0.2261,0.0325,1.5596,0.0081,0
100.0,91.89,1,0.2595,0,0.2642,0.0301,2.5567,0.0,0
98.13,95.34,1,0.2336,0,0.2728,0.0115,1.9215,0.0,0
100.0,87.83,1,0.2269,0,0.2387,0.0308,2.7005,0.0,0
99.8,95.96,1,0.2318,0,0.2173,0.03,3.3888,0.0,0
98.19,96.08,1,0.2829,0,0.2708,0.0284,3.4905,0.0,0
100.0,91.88,1,0.2065,0,0.2616,0.0403,1.9501,0.0151,0
100.0,90.74,1,0.2337,0,0.2663,0.0023,1.82,0.0,0
100.0,92.72,1,0.2393,0,0.2299,0.0229,3.4443,0.0063,0
100.0,86.81,1,0.2476,0,0.2062,0.0027,2.185,0.0,0
97.17,94.67,1,0.2617,0,0.2489,0.0398,1.6093,0.0,0
100.0,93.3,1,0.2629,0,0.217,0.0117,1.748,0.0172,0
100.0,96.33,1,0.2323,0,0.21,0.0183,1.761,0.0,0
98.51,94.25,1,0.2411,0,0.2221,0.0164,3.6407,0.0,0
100.0,92.24,1,0.2149,0,0.2436,0.0469,1.928,0.0193,0
98.22,90.62,1,0.2085,0,0.2412,0.017,1.9585,0.0146,0
98.46,95.95,1,0.2203,0,0.2849,0.0026,3.4953,0.0333,0
98.93,96.14,1,0.2057,0,0.2155,0.0019,3.1118,0.0101,0
100.0,93.35,1,0.2257,0,0.2103,0.0108,3.1367,0.0,0
100.0,87.01,1,0.201,0,0.2817,0.0045,1.9331,0.0,0
98.61,88.78,1,0.2148,0,0.2334,0.0397,3.2135,0.0395,0
97.59,87.79,1,0.2981,0,0.2959,0.0337,2.6657,0.018,0
100.0,98.08,1,0.2964,0,0.2618,0.0388,2.6708,0.046,0
100.0,92.25,1,0.2304,0,0.278,0.0266,3.4851,0.0,0
58.33,54.55,1,0.2874,0,0.292,0.0237,3.4692,0.5578,1
100.0,90.94,1,0.2228,0,0.2639,0.0181,3.5767,0.0,0
100.0,99.85,1,0.2876,0,0.2747,0.0407,1.6346,0.0,0
99.09,97.48,1,0.2532,0,0.2026,0.0001,2.3677,0.0498,0
100.0,90.86,1,0.2044,0,0.2656,0.0258,3.11,0.0,0
99.98,93.85,1,0.2205,0,0.2357,0.0187,1.9681,0.0059,0
98.73,94.74,1,0.2956,0,0.239,0.0077,2.0949,0.0,0
98.64,95.2,1,0.2805,0,0.2232,0.0356,3.8282,0.0,0
100.0,92.63,1,0.2184,0,0.2036,0.0134,2.9928,0.0295,0
50.84,63.95,1,0.22,0,0.288,0.0209,3.057,0.6358,1
100.0,91.89,1,0.2374,0,0.2927,0.0145,3.8343,0.0425,0
68.24,65.37,1,0.2624,0,0.2447,0.0305,3.8795,0.634,1
98.69,92.56,1,0.2803,0,0.2537,0.0005,1.8747,0.0,0
100.0,93.35,1,0.2011,0,0.2387,0.0328,2.7793,0.0263,0
99.18,91.24,1,0.2819,0,0.2181,0.0207,2.5838,0.0145,0
100.0,90.62,1,0.2302,0,0.2499,0.0357,3.8071,0.0175,0
99.22,91.16,1,0.2342,0,0.2152,0.0419,2.8647,0.0263,0
100.0,91.77,1,0.2642,0,0.2618,0.0257,1.5239,0.0327,0
100.0,87.08,1,0.2961,0,0.2651,0.0435,3.4953,0.0185,0
99.82,94.89,1,0.2179,0,0.2284,0.0067,2.5359,0.0,0
100.0,97.31,1,0.2074,0,0.2645,0.0017,2.8193,0.0,0
100.0,91.51,1,0.2434,0,0.2865,0.0443,3.9026,0.0154,0
99.86,96.04,1,0.2516,0,0.2778,0.0059,2.2532,0.0414,0
97.64,94.92,1,0.2735,0,0.2279,0.0091,2.3406,0.0133,0
99.81,91.09,1,0.2469,0,0.2268,0.0061,2.7842,0.0,0
99.74,96.07,1,0.2392,0,0.2957,0.0086,3.5953,0.0036,0
100.0,95.32,1,0.2372,0,0.2457,0.045,1.7082,0.0,0
100.0,95.73,1,0.2842,0,0.2478,0.0424,3.6278,0.0406,0
99.82,95.44,1,0.2086,0,0.2308,0.0133,1.7859,0.0093,0
100.0,90.29,1,0.283,0,0.2286,0.0352,2.6749,0.0229,0
97.49,87.08,1,0.2061,0,0.2525,0.0394,2.9097,0.0,0
100.0,86.87,1,0.2724,0,0.2566,0.0077,2.8932,0.0077,0
100.0,94.6,1,0.2649,0,0.216,0.0114,3.7664,0.0061,0
98.44,90.14,1,0.2961,0,0.2316,0.0239,2.0247,0.0032,0
100.0,97.83,1,0.2481,0,0.2182,0.0318,3.1663,0.0175,0
98.06,94.08,1,0.2875,0,0.2766,0.021,3.6175,0.0,0
100.0,85.94,1,0.2841,0,0.2781,0.0391,2.8372,0.0,0
100.0,86.06,1,0.2674,0,0.2563,0.0495,1.9326,0.0392,0
100.0,91.02,1,0.2101,0,0.2969,0.0432,2.0971,0.003,0
97.42,95.03,1,0.2242,0,0.2979,0.0426,3.5776,0.0,0
50.81,67.92,1,0.2678,0,0.2366,0.0101,2.7445,0.6685,1
100.0,90.97,1,0.2978,0,0.2666,0.0452,3.4823,0.0145,0
99.14,88.43,1,0.2757,0,0.2,0.0495,3.3296,0.0,0
97.68,89.8,1,0.241,0,0.2785,0.0283,1.9977,0.0507,0
100.0,98.5,1,0.2263,0,0.2712,0.038,3.5848,0.0196,0
97.3,95.48,1,0.279,0,0.2215,0.03,2.1394,0.016,0
97.4,95.29,1,0.2755,0,0.215,0.0496,1.8847,0.0029,0
97.66,93.33,1,0.2601,0,0.2591,0.0302,1.6791,0.0,0
97.5,93.41,1,0.2411,0,0.2762,0.0237,3.8774,0.0,0
100.0,90.7,1,0.2517,0,0.2377,0.0078,2.8789,0.0108,0
99.52,93.93,1,0.2911,0,0.2104,0.0422,1.7107,0.0154,0
100.0,90.63,1,0.2648,0,0.2925,0.0101,2.1203,0.0,0
100.0,94.2,1,0.2218,0,0.2899,0.0339,1.8749,0.0,0
98.86,90.31,1,0.2319,0,0.2357,0.0122,3.9973,0.0,0
98.78,88.1,1,0.2197,0,0.2616,0.0349,3.5446,0.0506,0
97.07,91.3,1,0.2906,0,0.2997,0.0023,2.0255,0.0,0
100.0,93.92,1,0.2917,0,0.2246,0.0088,3.379,0.0,0
100.0,92.54,1,0.231,0,0.2087,0.036,2.7907,0.0,0
98.94,96.49,1,0.2059,0,0.272,0.0295,3.1243,0.0,0
63.35,74.27,1,0.2313,0,0.2315,0.0278,2.0209,0.7191,1
98.87,89.35,1,0.2906,0,0.2803,0.0047,2.7122,0.0,0
100.0,95.07,1,0.2299,0,0.2417,0.0431,3.018,0.0408,0
100.0,93.91,1,0.2544,0,0.2339,0.0317,2.825,0.0447,0
100.0,91.45,1,0.2653,0,0.245,0.0289,3.3765,0.0,0
61.26,61.1,1,0.2652,0,0.2519,0.048,2.3666,0.6388,1
99.62,92.81,1,0.2812,0,0.2214,0.0276,2.1032,0.0035,0
98.63,93.92,1,0.2831,0,0.2463,0.0404,3.1477,0.0,0
97.61,92.71,1,0.2947,0,0.2747,0.0107,3.1415,0.028,0
44.49,51.37,1,0.231,0,0.2964,0.0165,2.9163,0.7811,1
99.73,93.12,1,0.2389,0,0.2947,0.033,2.7849,0.0247,0
98.69,89.53,1,0.2071,0,0.2346,0.0315,2.9571,0.0,0
100.0,91.87,1,0.2245,0,0.2529,0.0043,3.3108,0.0,0
61.54,57.48,1,0.2523,0,0.2985,0.0027,1.5487,0.5762,1
98.6,94.31,1,0.2102,0,0.2031,0.0107,2.4796,0.0,0
98.11,96.2,1,0.2099,0,0.2364,0.0267,1.5716,0.0,0
98.77,96.28,1,0.2545,0,0.2403,0.0387,3.6605,0.0356,0
100.0,94.34,1,0.2789,0,0.2686,0.0194,3.0944,0.0,0
26.79,60.73,0,0.7465,1,0.7727,4.324,3.9472,0.8771,1
98.89,93.34,1,0.2946,0,0.2948,0.0296,3.1146,0.0457,0
99.21,95.62,1,0.2919,0,0.2907,0.0049,2.1226,0.0439,0
100.0,94.09,1,0.2976,0,0.2458,0.0086,2.7728,0.0156,0
100.0,92.47,1,0.2246,0,0.272,0.0226,3.907,0.0025,0
100.0,94.11,1,0.2602,0,0.2417,0.0483,2.3065,0.0052,0
100.0,95.29,1,0.276,0,0.2172,0.0163,3.1594,0.0,0
100.0,95.53,1,0.2975,0,0.2433,0.0426,1.6445,0.0,0
99.5,95.71,1,0.2357,0,0.2091,0.0488,2.0126,0.0,0
100.0,91.16,1,0.2603,0,0.2099,0.0411,2.3119,0.0,0
98.35,94.49,1,0.2792,0,0.2199,0.0221,3.4132,0.0203,0
100.0,89.76,1,0.2287,0,0.2552,0.0406,2.506,0.0056,0
99.29,88.36,1,0.2589,0,0.2275,0.0022,3.3251,0.0144,0
98.34,93.21,1,0.2585,0,0.2321,0.0432,3.0806,0.035,0
100.0,93.81,1,0.2635,0,0.2297,0.0245,1.7507,0.0099,0
98.79,95.69,1,0.2856,0,0.2205,0.0225,1.6395,0.0,0
97.88,93.31,1,0.2515,0,0.2242,0.0366,2.4863,0.0,0
99.99,94.36,1,0.2612,0,0.2397,0.0466,1.6757,0.0,0
100.0,90.32,1,0.2994,0,0.2868,0.0127,3.1537,0.0376,0
98.91,92.99,1,0.2805,0,0.2483,0.0212,1.759,0.0345,0
100.0,92.6,1,0.2221,0,0.28,0.0325,2.7238,0.0,0
100.0,92.15,1,0.2191,0,0.2097,0.0303,2.2918,0.0,0
98.13,92.57,1,0.2544,0,0.2722,0.0117,2.9302,0.0,0
100.0,91.28,1,0.2063,0,0.2733,0.0009,1.7699,0.0097,0
99.21,96.81,1,0.2192,0,0.2502,0.0081,2.0117,0.0387,0
98.94,93.2,1,0.2684,0,0.2926,0.002,3.8336,0.0,0
100.0,95.77,1,0.2159,0,0.2594,0.003,2.0905,0.0,0
100.0,95.4,1,0.2086,0,0.2947,0.0123,3.1559,0.0,0
98.93,95.62,1,0.2433,0,0.2802,0.0362,3.1611,0.0,0
100.0,93.65,1,0.2149,0,0.2106,0.0128,2.2619,0.0097,0
100.0,93.49,1,0.2167,0,0.2351,0.0113,3.9155,0.0409,0
97.93,90.96,1,0.2857,0,0.2,0.0318,3.1424,0.0176,0
98.98,89.9,1,0.2094,0,0.2503,0.0282,3.0181,0.0336,0
99.15,90.43,1,0.2168,0,0.2485,0.0254,3.8569,0.0,0
98.32,94.36,1,0.2312,0,0.2751,0.0323,2.7635,0.0041,0
100.0,94.23,1,0.211,0,0.2349,0.0179,1.8181,0.0349,0
100.0,95.33,1,0.2115,0,0.2156,0.0007,3.0782,0.0068,0
99.42,88.35,1,0.2552,0,0.2654,0.0215,1.6051,0.0,0
97.47,97.85,1,0.2797,0,0.2981,0.0183,3.7931,0.0,0
98.23,94.83,1,0.2705,0,0.2949,0.0386,2.3503,0.0076,0
100.0,86.97,1,0.2366,0,0.2372,0.0045,3.5434,0.0,0
97.68,90.95,1,0.2457,0,0.2244,0.0391,3.2687,0.0499,0
98.35,93.08,1,0.2159,0,0.248,0.0356,3.4837,0.0441,0
100.0,91.02,1,0.2711,0,0.2227,0.0167,3.3491,0.0331,0
99.4,87.03,1,0.2913,0,0.2327,0.0314,3.605,0.0,0
98.5,90.16,1,0.2836,0,0.2034,0.0263,3.8461,0.0,0
100.0,100.0,1,0.2647,0,0.2642,0.0106,3.4155,0.0,0
98.68,89.06,1,0.2715,0,0.2099,0.0452,3.5245,0.0,0
100.0,88.26,1,0.2486,0,0.2781,0.0095,3.8535,0.0,0
26.18,60.78,1,0.229,0,0.2464,0.0069,1.6873,0.6883,1
100.0,92.55,1,0.2074,0,0.2722,0.0205,3.7691,0.0,0
97.67,91.05,1,0.2621,0,0.2807,0.0371,3.6846,0.0101,0
100.0,99.29,1,0.2357,0,0.2358,0.0111,1.9502,0.0005,0
100.0,91.93,1,0.2559,0,0.235,0.0433,2.9121,0.0,0
100.0,97.18,1,0.2376,0,0.2633,0.0289,3.0456,0.0108,0
100.0,90.89,1,0.2058,0,0.2185,0.0095,1.7493,0.0,0
100.0,91.96,1,0.2496,0,0.2921,0.0271,3.3664,0.0,0
98.77,95.38,1,0.269,0,0.278,0.0116,1.7278,0.0043,0
100.0,93.52,1,0.2745,0,0.2348,0.0101,2.1181,0.0457,0
97.13,86.24,1,0.2291,0,0.2192,0.0077,3.3139,0.0377,0
100.0,90.04,1,0.2368,0,0.2654,0.0294,3.9424,0.0066,0
100.0,90.92,1,0.2295,0,0.2002,0.0005,1.7255,0.0,0
99.12,93.11,1,0.2034,0,0.2036,0.0476,1.5927,0.0,0
100.0,90.41,1,0.2884,0,0.2273,0.0013,1.7273,0.049,0
100.0,89.88,1,0.2795,0,0.2683,0.0465,2.5328,0.0063,0
99.54,96.81,1,0.284,0,0.25,0.0166,3.7409,0.0052,0
100.0,92.07,1,0.2698,0,0.2369,0.0285,3.233,0.0498,0
49.92,62.96,1,0.232,0,0.2498,0.025,33.7663,0.6052,1
100.0,93.13,1,0.2665,0,0.2194,0.0154,2.848,0.0,0
99.34,93.15,1,0.2502,0,0.2328,0.0156,2.456,0.0,0
100.0,97.64,1,0.2587,0,0.2289,0.0067,3.0082,0.012,0
97.7,98.14,1,0.2965,0,0.2176,0.0169,3.2581,0.0,0
100.0,93.2,1,0.2489,0,0.2401,0.0317,1.6736,0.0452,0
98.88,85.58,1,0.2777,0,0.2032,0.0296,3.8559,0.0022,0
52.48,74.54,1,0.2161,0,0.2321,0.0427,39.2151,0.6323,1
100.0,94.52,1,0.2426,0,0.2553,0.0112,2.2932,0.0211,0
100.0,97.66,1,0.2839,0,0.2806,0.0081,2.6436,0.0,0
97.69,92.85,1,0.2594,0,0.2615,0.0402,1.5565,0.0,0
97.79,91.32,1,0.2464,0,0.2083,0.0403,2.9472,0.0274,0
100.0,92.77,1,0.2258,0,0.2849,0.0364,2.4695,0.0381,0
99.24,90.61,1,0.2711,0,0.2948,0.007,2.1796,0.0207,0
100.0,93.02,1,0.225,0,0.2051,0.0449,2.279,0.0322,0
100.0,91.11,1,0.2664,0,0.2789,0.0199,3.7563,0.0,0
100.0,93.59,1,0.2844,0,0.2745,0.0178,2.6535,0.0,0
98.48,85.17,1,0.2435,0,0.2854,0.0074,2.0773,0.0004,0
97.12,93.04,1,0.2408,0,0.2314,0.0089,1.5018,0.0,0
100.0,85.07,1,0.2939,0,0.2549,0.0049,3.3475,0.0,0
98.81,90.45,1,0.212,0,0.2698,0.0267,2.8185,0.0,0
97.21,92.09,1,0.228,0,0.2291,0.0189,3.0861,0.0,0
98.6,93.33,1,0.2294,0,0.2008,0.0076,3.4582,0.0,0
98.39,96.61,1,0.2086,0,0.2854,0.0339,1.5071,0.0268,0
99.02,96.21,1,0.2072,0,0.2967,0.0163,3.3609,0.0,0
98.23,93.59,1,0.2749,0,0.2979,0.0338,1.8149,0.0073,0
100.0,96.86,1,0.2148,0,0.2237,0.04,2.4061,0.006,0
98.66,94.39,1,0.2329,0,0.2408,0.0314,3.93,0.0464,0
29.12,65.6,1,0.2983,0,0.2048,0.0005,2.4775,0.6556,1
99.97,88.62,1,0.2135,0,0.2854,0.0142,2.2792,0.0,0
100.0,91.79,1,0.259,0,0.2402,0.0013,3.8216,0.0487,0
28.88,67.69,0,0.7145,1,0.7259,1.071,1.6505,0.673,1
100.0,90.6,1,0.2955,0,0.2144,0.042,2.4022,0.0,0
97.19,92.26,1,0.2854,0,0.2377,0.0405,3.3981,0.0,0
100.0,94.56,1,0.2939,0,0.2765,0.0081,3.6273,0.0,0
100.0,91.01,1,0.2804,0,0.2237,0.0338,3.6839,0.0292,0
97.91,92.49,1,0.2218,0,0.2849,0.0439,2.8676,0.0217,0
100.0,89.12,1,0.2161,0,0.2867,0.0432,2.7371,0.0,0
100.0,88.52,1,0.215,0,0.2544,0.0402,2.8596,0.0,0
100.0,91.88,1,0.2252,0,0.2448,0.0121,2.4884,0.0191,0
97.02,87.09,1,0.2672,0,0.2619,0.0487,2.8629,0.0461,0
99.4,96.0,1,0.2585,0,0.2342,0.0359,2.2483,0.0,0
100.0,90.58,1,0.2824,0,0.2021,0.0348,2.1424,0.0238,0
98.73,89.82,1,0.2992,0,0.2672,0.0459,3.8274,0.0057,0
100.0,92.5,1,0.2805,0,0.2801,0.0172,2.2834,0.0295,0
100.0,91.49,1,0.2131,0,0.2608,0.0225,3.4385,0.0057,0
97.14,93.73,1,0.2047,0,0.2004,0.0218,1.5782,0.0,0
97.52,87.85,1,0.2189,0,0.264,0.0058,2.199,0.0,0
97.24,88.06,1,0.2588,0,0.2403,0.0144,2.7693,0.039,0
100.0,95.67,1,0.2709,0,0.2223,0.0352,3.0475,0.035,0
100.0,89.51,1,0.2878,0,0.227,0.002,3.7125,0.0076,0
100.0,97.09,1,0.2266,0,0.2882,0.0231,2.8333,0.0112,0
97.56,91.97,1,0.2149,0,0.269,0.0362,1.7105,0.0,0
98.04,95.53,1,0.2274,0,0.239,0.0368,2.009,0.0,0
98.27,96.53,1,0.2351,0,0.2285,0.0458,2.7965,0.0,0
53.35,54.15,0,0.7365,1,0.7495,3.672,1.6157,0.8309,1
100.0,95.77,1,0.2383,0,0.2878,0.0104,3.634,0.0,0
67.23,64.16,1,0.2559,0,0.2054,0.0385,44.3315,0.6381,1
99.49,90.74,1,0.2034,0,0.2511,0.0253,1.8514,0.0488,0
100.0,93.05,1,0.2917,0,0.2917,0.0407,2.9241,0.0203,0
100.0,91.12,1,0.2587,0,0.2473,0.011,1.8257,0.0456,0
77.52,53.02,1,0.2957,0,0.2822,0.0004,3.9442,0.6428,1
100.0,93.67,1,0.287,0,0.2242,0.014,2.5557,0.0,0
100.0,94.37,1,0.2583,0,0.2428,0.0091,1.5008,0.0384,0
100.0,87.35,1,0.2316,0,0.2934,0.0359,3.9394,0.0242,0
100.0,98.09,1,0.2586,0,0.2281,0.0251,1.9011,0.0,0
100.0,86.14,1,0.2819,0,0.2223,0.0187,2.687,0.0257,0
97.92,90.37,1,0.2268,0,0.2583,0.0039,3.0338,0.0,0
99.85,97.31,1,0.2679,0,0.2712,0.0107,2.4222,0.0,0
100.0,88.76,1,0.2316,0,0.2617,0.0464,2.2018,0.029,0
99.77,94.02,1,0.2968,0,0.2758,0.0103,3.3521,0.0388,0
99.76,97.37,1,0.2828,0,0.2926,0.029,2.9519,0.0331,0
100.0,98.77,1,0.258,0,0.248,0.041,3.6286,0.0,0
100.0,89.81,1,0.2564,0,0.2499,0.0146,3.0663,0.0101,0
100.0,88.21,1,0.2722,0,0.2444,0.0401,3.0408,0.0197,0
97.02,93.97,1,0.2728,0,0.273,0.0162,1.9083,0.0385,0
100.0,85.79,1,0.2006,0,0.2447,0.0288,3.019,0.0,0
100.0,98.64,1,0.21,0,0.2202,0.0141,3.7335,0.0085,0
100.0,97.46,1,0.2203,0,0.2579,0.0288,3.7318,0.0144,0
97.7,89.02,1,0.2399,0,0.212,0.0105,3.8053,0.0,0
100.0,97.8,1,0.2018,0,0.2927,0.0404,3.6067,0.0454,0
100.0,90.48,1,0.2551,0,0.2905,0.024,2.6277,0.0,0
100.0,87.67,1,0.2991,0,0.2996,0.0459,3.0026,0.043,0
99.27,92.31,1,0.2672,0,0.2648,0.0315,3.5985,0.0,0
98.86,95.4,1,0.2972,0,0.2738,0.0414,2.1593,0.0474,0
98.9,94.82,1,0.2587,0,0.2688,0.0425,3.8979,0.0332,0
97.07,85.57,1,0.2024,0,0.2862,0.0263,3.4236,0.0,0
100.0,95.75,1,0.2768,0,0.2288,0.0358,3.9083,0.0,0
100.0,92.37,1,0.2213,0,0.2424,0.0278,3.7698,0.0164,0
100.0,97.09,1,0.2237,0,0.2682,0.0011,3.569,0.0171,0
99.98,90.77,1,0.2358,0,0.2004,0.0359,2.3714,0.0,0
99.08,88.97,1,0.2662,0,0.2153,0.0497,1.6854,0.0,0
100.0,91.81,1,0.22,0,0.2499,0.0435,2.4092,0.0,0
98.92,93.34,1,0.2529,0,0.2104,0.0026,2.5896,0.0,0
99.12,93.2,1,0.2162,0,0.2502,0.0467,3.2978,0.0471,0
97.7,93.44,1,0.2496,0,0.2782,0.01,2.9655,0.021,0
100.0,94.58,1,0.2863,0,0.2737,0.0027,1.9866,0.0,0
99.81,96.27,1,0.2467,0,0.2224,0.0006,3.2272,0.0,0
100.0,92.43,1,0.283,0,0.2262,0.0211,1.6869,0.0139,0
97.5,87.73,1,0.247,0,0.2204,0.015,3.5931,0.0,0
100.0,91.38,1,0.2323,0,0.2911,0.0089,1.6303,0.0,0
100.0,91.86,1,0.279,0,0.2855,0.0043,3.497,0.0388,0
99.14,93.19,1,0.2642,0,0.2193,0.0179,2.9248,0.0087,0
98.51,91.34,1,0.297,0,0.2875,0.0114,3.8089,0.0,0
97.69,93.38,1,0.2615,0,0.2667,0.0319,3.8356,0.0,0
100.0,94.54,1,0.2916,0,0.2609,0.0188,1.8096,0.0,0
100.0,95.7,1,0.2029,0,0.2886,0.0225,2.3066,0.0505,0
100.0,92.93,1,0.2592,0,0.2714,0.0383,2.0884,0.0,0
100.0,98.6,1,0.2755,0,0.2572,0.0174,2.4466,0.0225,0
98.76,95.3,1,0.2983,0,0.2424,0.0083,2.199,0.0225,0
98.08,91.09,1,0.2009,0,0.2312,0.0147,3.2589,0.0142,0
98.92,90.87,1,0.2421,0,0.2272,0.034,2.0133,0.0,0
100.0,97.35,1,0.2391,0,0.2538,0.0059,2.2188,0.0,0
61.31,57.69,1,0.2951,0,0.2353,0.0328,1.5803,0.6442,1
100.0,91.91,1,0.2293,0,0.2012,0.0363,3.7712,0.0,0
97.66,87.97,1,0.2559,0,0.25,0.0322,1.7951,0.0,0
100.0,97.74,1,0.2592,0,0.2648,0.0182,1.852,0.0047,0
100.0,91.64,1,0.2595,0,0.2672,0.0327,3.5326,0.0467,0
100.0,95.59,1,0.2067,0,0.2663,0.0416,2.0671,0.0509,0
97.19,89.71,1,0.2628,0,0.2891,0.0158,3.1879,0.0,0
98.9,96.79,1,0.2488,0,0.2417,0.0134,2.8703,0.0364,0
100.0,95.31,1,0.2533,0,0.2999,0.0479,2.4112,0.0473,0
97.77,91.33,1,0.2219,0,0.2988,0.0446,2.6441,0.0,0
98.65,95.6,1,0.2234,0,0.2024,0.0135,2.1309,0.0046,0
99.25,92.66,1,0.2242,0,0.2726,0.0085,2.6647,0.0384,0
100.0,98.57,1,0.2338,0,0.2826,0.0212,2.2822,0.0,0
100.0,90.84,1,0.2647,0,0.244,0.0253,3.7534,0.0439,0
100.0,91.06,1,0.2733,0,0.2646,0.0084,3.9985,0.0,0
55.44,67.68,1,0.2125,0,0.2523,0.0012,1.9849,0.6141,1
100.0,96.9,1,0.2876,0,0.2185,0.0409,1.8308,0.0101,0
100.0,97.71,1,0.2035,0,0.2382,0.0462,1.6237,0.0087,0
97.8,87.28,1,0.2675,0,0.2929,0.0034,3.4315,0.0,0
98.82,92.15,1,0.2663,0,0.214,0.042,2.1426,0.0,0
97.25,98.25,1,0.2602,0,0.217,0.0221,3.3389,0.0033,0
98.42,88.29,1,0.2729,0,0.2249,0.0089,3.2251,0.0439,0
100.0,96.82,1,0.2729,0,0.287,0.0193,2.0739,0.043,0
100.0,89.95,1,0.2328,0,0.2831,0.0433,3.0886,0.0,0
98.04,89.45,1,0.2645,0,0.2507,0.0061,3.1127,0.0,0
99.04,91.67,1,0.2495,0,0.2847,0.0049,2.1748,0.0081,0
98.15,92.06,1,0.2101,0,0.2721,0.0483,3.4952,0.0324,0
100.0,96.6,1,0.292,0,0.2848,0.0147,2.6045,0.031,0
100.0,88.0,1,0.2246,0,0.2073,0.0431,3.817,0.0,0
97.63,93.14,1,0.2932,0,0.2833,0.0281,2.4757,0.0,0
99.37,76.62,1,0.2679,0,0.2144,0.012,3.7012,0.0,0
98.26,92.99,1,0.2858,0,0.2531,0.0148,3.5895,0.0,0
100.0,90.94,1,0.2119,0,0.2957,0.0206,3.0064,0.0,0
100.0,91.17,1,0.2505,0,0.278,0.0075,1.677,0.0228,0
100.0,95.5,1,0.2804,0,0.2781,0.0355,1.749,0.0,0
97.88,96.43,1,0.2434,0,0.2848,0.0209,2.3798,0.0,0
97.56,88.57,1,0.2123,0,0.2784,0.0445,3.2057,0.017,0
100.0,96.42,1,0.2838,0,0.2358,0.0458,2.7989,0.0,0
100.0,97.8,1,0.2942,0,0.2935,0.0457,3.0342,0.0,0
99.1,90.8,1,0.2776,0,0.2775,0.0325,2.8953,0.0278,0
100.0,95.78,1,0.2009,0,0.2024,0.0238,1.7243,0.0,0
52.15,60.23,1,0.246,0,0.2313,0.0042,1.9604,0.6228,1
100.0,84.65,1,0.2867,0,0.2928,0.0378,3.0275,0.0442,0
97.73,95.59,1,0.2945,0,0.2409,0.0045,2.3635,0.0,0
99.84,89.36,1,0.2992,0,0.2705,0.0091,2.3266,0.0,0
98.28,93.44,1,0.2233,0,0.2966,0.0421,1.7581,0.0,0
100.0,94.37,1,0.2772,0,0.2916,0.0427,3.5295,0.0,0
97.64,86.27,1,0.2255,0,0.2856,0.0217,2.2821,0.0,0
100.0,92.4,1,0.2412,0,0.2844,0.036,2.2925,0.0477,0
98.86,95.08,1,0.2904,0,0.2377,0.011,3.966,0.0,0
99.1,90.05,1,0.2571,0,0.2611,0.0448,1.9345,0.0,0
100.0,96.2,1,0.2828,0,0.2696,0.0327,3.58,0.0,0
56.74,60.71,1,0.2989,0,0.2968,0.0429,51.303,0.5711,1
100.0,94.99,1,0.2193,0,0.278,0.0196,2.1011,0.0249,0
40.13,57.35,0,0.7539,1,0.768,3.193,2.3259,0.7636,1
99.77,96.01,1,0.244,0,0.2512,0.0497,3.7051,0.0,0
97.15,91.86,1,0.2263,0,0.2443,0.0381,3.3194,0.0407,0
100.0,92.65,1,0.2684,0,0.2422,0.0083,3.1033,0.0,0
99.08,92.51,1,0.2698,0,0.2489,0.032,2.2742,0.0,0
97.08,90.54,1,0.2402,0,0.2239,0.0473,3.7359,0.0501,0
100.0,95.54,1,0.2057,0,0.28,0.0449,3.6586,0.0146,0
100.0,91.05,1,0.2791,0,0.2217,0.047,1.8533,0.0024,0
99.37,88.53,1,0.2526,0,0.2041,0.0055,3.4585,0.0174,0
60.33,65.93,1,0.2285,0,0.2069,0.0427,3.4798,0.5885,1
97.42,92.42,1,0.2748,0,0.2174,0.0446,3.8809,0.0315,0
100.0,89.76,1,0.2389,0,0.298,0.009,1.8754,0.0,0
97.79,94.98,1,0.2497,0,0.2546,0.0354,1.818,0.0,0
100.0,92.26,1,0.2331,0,0.2414,0.0346,3.8102,0.033,0
100.0,96.05,1,0.2187,0,0.2661,0.0344,1.8385,0.0,0
100.0,98.58,1,0.2771,0,0.2577,0.0286,3.6314,0.014,0
100.0,91.24,1,0.2966,0,0.2754,0.0119,3.3835,0.0,0
97.72,99.61,1,0.2932,0,0.2472,0.0054,2.3818,0.0,0
100.0,95.26,1,0.2675,0,0.2266,0.0123,2.3566,0.0,0
100.0,93.23,1,0.2452,0,0.2454,0.0457,1.7978,0.0431,0
99.08,92.52,1,0.2853,0,0.2033,0.0113,1.9325,0.0,0
100.0,92.02,1,0.2585,0,0.2331,0.0216,2.5975,0.0232,0
100.0,95.85,1,0.2793,0,0.2811,0.022,3.3143,0.0119,0
100.0,92.53,1,0.2243,0,0.2571,0.0462,2.9397,0.0,0
97.86,93.78,1,0.2276,0,0.2077,0.0058,2.8134,0.0223,0
98.24,92.87,1,0.298,0,0.2555,0.0239,2.5421,0.0,0
100.0,93.03,1,0.2927,0,0.2656,0.0405,2.5252,0.0,0
98.22,94.73,1,0.2531,0,0.2031,0.0031,3.0349,0.0125,0
97.54,94.21,1,0.2098,0,0.2585,0.0373,1.8634,0.0,0
100.0,88.62,1,0.2092,0,0.262,0.0047,3.5016,0.0339,0
97.89,95.88,1,0.2404,0,0.2602,0.0226,1.8863,0.0,0
99.91,95.07,1,0.2388,0,0.2847,0.0079,2.3394,0.0,0
32.71,51.76,1,0.2915,0,0.2506,0.0195,3.0947,0.6666,1
99.49,94.37,1,0.2475,0,0.2746,0.0019,3.2985,0.0071,0
100.0,93.85,1,0.2041,0,0.2817,0.0421,2.1373,0.0,0
98.43,91.77,1,0.25,0,0.2338,0.0067,2.1872,0.0128,0
100.0,95.56,1,0.293,0,0.2499,0.0094,2.8713,0.0109,0
100.0,100.0,1,0.2375,0,0.2946,0.0229,2.3949,0.0,0
65.42,65.46,1,0.2766,0,0.2979,0.001,3.5176,0.592,1
98.38,93.76,1,0.2413,0,0.2533,0.0461,3.4635,0.006,0
100.0,88.51,1,0.2482,0,0.2679,0.0207,3.0595,0.0,0
97.89,95.32,1,0.2315,0,0.2388,0.0265,2.2564,0.0,0
100.0,90.73,1,0.2106,0,0.2224,0.0435,2.0604,0.0,0
100.0,97.7,1,0.2586,0,0.224,0.0288,2.5746,0.0216,0
100.0,89.9,1,0.2044,0,0.2738,0.004,2.9957,0.0317,0
56.65,56.91,1,0.2922,0,0.2864,0.0402,1.8682,0.6069,1
100.0,94.21,1,0.283,0,0.2661,0.0458,2.2128,0.0,0
97.73,91.72,1,0.2276,0,0.2146,0.0404,3.2947,0.0,0
98.56,93.33,1,0.2437,0,0.2225,0.0095,1.7793,0.0059,0
55.05,68.37,1,0.2235,0,0.2477,0.0241,3.7888,0.6223,1
98.26,90.82,1,0.2972,0,0.2311,0.015,2.6124,0.0363,0
100.0,92.67,1,0.2471,0,0.2829,0.0299,2.3019,0.0,0
97.99,85.96,1,0.2032,0,0.2085,0.0419,1.7627,0.0,0
99.5,95.77,1,0.2666,0,0.2681,0.02,3.0117,0.0,0
100.0,92.92,1,0.2381,0,0.2681,0.0296,2.7966,0.0289,0
100.0,93.95,1,0.2312,0,0.2042,0.0005,2.6782,0.0,0
100.0,97.14,1,0.268,0,0.2544,0.0175,3.2054,0.0,0
100.0,91.25,1,0.2851,0,0.2439,0.0311,3.0469,0.0377,0
100.0,93.72,1,0.2001,0,0.2775,0.0495,3.5313,0.0049,0
97.33,90.23,1,0.2815,0,0.2851,0.0139,3.4069,0.0497,0
100.0,90.41,1,0.2672,0,0.2704,0.0087,1.7658,0.0071,0
97.44,92.34,1,0.2024,0,0.2744,0.0448,1.6693,0.0,0
99.58,92.94,1,0.2746,0,0.251,0.0281,1.5889,0.0306,0
100.0,97.52,1,0.2363,0,0.2824,0.0498,1.657,0.0225,0
97.76,91.42,1,0.2275,0,0.2123,0.0127,2.8195,0.0048,0
100.0,95.08,1,0.2741,0,0.2262,0.0098,1.5223,0.0327,0
97.29,92.38,1,0.2985,0,0.2137,0.0178,3.349,0.0315,0
97.6,88.25,1,0.205,0,0.298,0.0289,3.114,0.0,0
100.0,93.62,1,0.2224,0,0.2509,0.0038,2.5563,0.0158,0
97.83,85.61,1,0.2455,0,0.2332,0.0194,1.5769,0.0,0
99.16,90.97,1,0.2792,0,0.2031,0.0033,2.8057,0.04,0
97.73,87.53,1,0.2384,0,0.2624,0.0329,2.4326,0.0,0
97.66,95.35,1,0.2187,0,0.23,0.0172,3.137,0.0283,0
99.82,99.18,1,0.2755,0,0.2719,0.0485,2.4805,0.0,0
98.8,94.1,1,0.2496,0,0.2364,0.0052,1.8216,0.0,0
99.94,90.49,1,0.2882,0,0.2019,0.0447,3.1383,0.0,0
100.0,96.29,1,0.2185,0,0.2559,0.0013,2.3247,0.0133,0
100.0,100.0,1,0.2775,0,0.2076,0.0327,2.8857,0.0,0
100.0,93.0,1,0.2404,0,0.2085,0.0474,1.5167,0.0,0
99.52,91.57,1,0.234,0,0.2132,0.0354,3.9854,0.018,0
97.91,92.73,1,0.2578,0,0.2591,0.0015,3.403,0.0,0
100.0,100.0,1,0.2351,0,0.2843,0.0329,2.5685,0.0,0
100.0,93.61,1,0.2564,0,0.2634,0.0144,3.2945,0.0482,0
100.0,89.55,1,0.2761,0,0.2975,0.0365,1.8486,0.0483,0
98.08,97.43,1,0.2837,0,0.2851,0.0226,1.5395,0.0375,0
100.0,95.45,1,0.2383,0,0.2867,0.0309,2.4569,0.0,0
97.99,93.69,1,0.2065,0,0.211,0.0012,3.2621,0.0391,0
100.0,96.98,1,0.2612,0,0.2772,0.014,2.665,0.0224,0
99.67,98.84,1,0.2081,0,0.2082,0.0151,2.2615,0.0,0
100.0,90.6,1,0.264,0,0.2492,0.0224,1.6264,0.0,0
99.69,94.17,1,0.2356,0,0.2881,0.044,2.0119,0.0,0
98.91,93.48,1,0.2546,0,0.2227,0.0185,3.0919,0.0117,0
98.89,88.17,1,0.2944,0,0.2077,0.0352,3.0113,0.0,0
100.0,93.64,1,0.284,0,0.2726,0.0178,1.5604,0.0,0
100.0,87.4,1,0.2958,0,0.262,0.01,3.4831,0.0071,0
100.0,94.76,1,0.2522,0,0.295,0.0231,2.8166,0.0468,0
100.0,92.32,1,0.2701,0,0.2897,0.0122,1.5375,0.0475,0
98.27,88.6,1,0.295,0,0.2304,0.0026,2.9699,0.0,0
100.0,92.99,1,0.2454,0,0.2835,0.0107,3.4144,0.0,0
100.0,93.76,1,0.2415,0,0.2485,0.0041,3.8708,0.0,0
100.0,90.34,1,0.2968,0,0.2719,0.0024,3.3477,0.0012,0
99.11,87.16,1,0.2061,0,0.2035,0.0369,1.8446,0.0298,0
99.23,95.31,1,0.2288,0,0.253,0.0348,2.0045,0.0,0
98.13,94.32,1,0.2681,0,0.2338,0.0077,3.8034,0.0172,0
100.0,92.21,1,0.2517,0,0.2754,0.002,2.5473,0.0066,0
100.0,90.41,1,0.2723,0,0.2102,0.0012,1.876,0.0011,0
100.0,91.15,1,0.2351,0,0.2764,0.0366,1.5996,0.0331,0
99.65,91.77,1,0.2716,0,0.2747,0.0212,1.5425,0.0061,0
100.0,87.51,1,0.204,0,0.2432,0.0215,3.1308,0.0,0
100.0,94.67,1,0.2108,0,0.2541,0.0032,1.9161,0.0481,0
99.86,87.71,1,0.2471,0,0.2446,0.0401,3.7585,0.0019,0
97.35,89.11,1,0.2243,0,0.2332,0.0146,2.6215,0.0484,0
100.0,95.31,1,0.2729,0,0.29,0.021,3.1849,0.0105,0
100.0,92.79,1,0.2244,0,0.2814,0.0221,1.891,0.0264,0
58.28,62.05,1,0.2689,0,0.2303,0.0441,1.7476,0.6179,1
100.0,89.35,1,0.299,0,0.2144,0.0417,1.5399,0.0125,0
100.0,90.43,1,0.2306,0,0.2982,0.0164,2.9811,0.0054,0
100.0,87.31,1,0.2973,0,0.2318,0.0037,1.7997,0.0228,0
100.0,94.97,1,0.259,0,0.2993,0.0279,1.5369,0.0312,0
67.93,66.43,1,0.2546,0,0.2594,0.0137,3.9104,0.7202,1
99.02,93.41,1,0.2448,0,0.2438,0.0154,3.9085,0.0,0
100.0,96.55,1,0.2754,0,0.2534,0.0441,2.8196,0.0,0
100.0,99.36,1,0.2669,0,0.2458,0.0368,1.5899,0.0,0
97.45,87.74,1,0.2794,0,0.2732,0.0195,3.2181,0.0243,0
100.0,96.72,1,0.2259,0,0.257,0.0324,2.1209,0.0,0
100.0,93.68,1,0.2533,0,0.2737,0.0096,1.7228,0.0239,0
100.0,94.78,1,0.2882,0,0.2156,0.0334,2.5242,0.0,0
99.15,96.16,1,0.2443,0,0.2449,0.0031,3.3602,0.0137,0
100.0,93.79,1,0.2569,0,0.2006,0.0328,2.4303,0.0,0
79.18,65.52,1,0.2206,0,0.2793,0.0443,2.0138,0.5749,1
100.0,94.48,1,0.2689,0,0.2649,0.029,3.969,0.0,0
100.0,88.47,1,0.2223,0,0.2175,0.017,2.3329,0.0,0
44.35,73.53,0,0.7568,1,0.7771,2.342,3.0416,0.7813,1
98.41,85.36,1,0.2092,0,0.2036,0.0166,2.3229,0.0,0
100.0,96.71,1,0.2593,0,0.2681,0.0146,3.4984,0.028,0
100.0,96.21,1,0.278,0,0.272,0.0002,1.8781,0.0386,0
99.69,93.8,1,0.2378,0,0.2026,0.0126,3.8672,0.0264,0
98.09,95.63,1,0.2741,0,0.2447,0.0447,3.0564,0.0,0
99.11,96.35,1,0.233,0,0.247,0.009,2.6054,0.0,0
100.0,92.91,1,0.2663,0,0.2483,0.0317,1.9655,0.0282,0
99.45,92.86,1,0.2672,0,0.2401,0.0307,3.5173,0.0,0
100.0,90.11,1,0.267,0,0.2247,0.0113,3.3023,0.022,0
98.12,91.97,1,0.27,0,0.2391,0.0386,3.1836,0.0458,0
99.52,89.38,1,0.2096,0,0.26,0.022,2.8859,0.0155,0
97.53,94.66,1,0.2705,0,0.2928,0.0399,3.4964,0.0189,0
98.94,91.66,1,0.2975,0,0.263,0.0006,3.5711,0.0,0
100.0,90.3,1,0.249,0,0.2301,0.0074,3.0597,0.0,0
98.02,93.03,1,0.2276,0,0.2624,0.0188,3.4202,0.0,0
100.0,97.28,1,0.2446,0,0.2004,0.0238,2.589,0.0261,0
100.0,99.78,1,0.2875,0,0.2122,0.0273,3.6274,0.029,0
98.52,97.25,1,0.2636,0,0.2206,0.0394,2.9526,0.0025,0
99.57,89.65,1,0.283,0,0.2909,0.0452,2.2343,0.0,0
97.07,95.36,1,0.2105,0,0.2427,0.0159,1.739,0.0169,0
99.23,90.78,1,0.2492,0,0.2493,0.0443,3.8685,0.0151,0
99.43,93.65,1,0.2124,0,0.2475,0.0133,3.8189,0.0,0
97.64,91.1,1,0.2667,0,0.2397,0.0036,2.4925,0.0255,0
100.0,95.62,1,0.2429,0,0.2654,0.029,3.1326,0.0,0
98.35,92.03,1,0.232,0,0.2335,0.0333,1.8906,0.0346,0
100.0,96.12,1,0.241,0,0.2566,0.0148,1.5355,0.015,0
99.68,89.03,1,0.2714,0,0.2689,0.0085,3.9803,0.0458,0
100.0,93.3,1,0.2121,0,0.2044,0.0048,3.9104,0.038,0
100.0,95.92,1,0.2887,0,0.2201,0.022,2.4412,0.0122,0
100.0,92.62,1,0.2748,0,0.2839,0.0204,2.8632,0.0,0
100.0,90.0,1,0.2453,0,0.2,0.0143,1.7887,0.0215,0
99.35,88.4,1,0.2719,0,0.2144,0.011,2.4362,0.0,0
98.37,91.34,1,0.2542,0,0.2271,0.002,3.2793,0.0,0
100.0,87.33,1,0.2868,0,0.2488,0.0344,1.8075,0.0007,0
97.32,90.66,1,0.2372,0,0.2915,0.0195,2.8597,0.0066,0
98.2,95.36,1,0.2912,0,0.2526,0.0108,3.771,0.0477,0
100.0,95.31,1,0.2311,0,0.2715,0.0258,3.4661,0.0,0
98.09,96.32,1,0.2426,0,0.2986,0.044,1.982,0.0322,0
98.68,100.0,1,0.2789,0,0.2604,0.0116,2.3019,0.0,0
98.96,97.77,1,0.2662,0,0.2344,0.0307,3.2871,0.0,0
100.0,96.73,1,0.2305,0,0.2749,0.0459,2.2846,0.009,0
98.98,93.99,1,0.2379,0,0.2419,0.0191,2.6822,0.0,0
99.0,95.19,1,0.2046,0,0.2712,0.0474,2.3869,0.0095,0
97.49,90.51,1,0.2017,0,0.2555,0.0006,2.7454,0.0,0
98.85,91.14,1,0.2478,0,0.2718,0.0059,2.0601,0.0,0
100.0,86.18,1,0.2566,0,0.266,0.0267,3.6391,0.0,0
98.92,93.78,1,0.2406,0,0.2991,0.0249,3.621,0.0,0
100.0,98.0,1,0.2728,0,0.2968,0.0491,2.3654,0.0,0
48.17,55.28,1,0.2082,0,0.2361,0.0071,1.7887,0.5663,1
100.0,92.54,1,0.23,0,0.2515,0.0495,2.9094,0.0,0
98.04,90.94,1,0.2853,0,0.2752,0.0426,3.1245,0.0436,0
100.0,96.68,1,0.2942,0,0.2813,0.0111,1.7218,0.045,0
100.0,94.1,1,0.2159,0,0.211,0.0184,2.1035,0.0172,0
98.84,97.79,1,0.2478,0,0.2706,0.006,3.7118,0.0246,0
98.85,91.79,1,0.221,0,0.2719,0.0454,3.6727,0.0298,0
97.62,94.3,1,0.2305,0,0.2092,0.0193,1.9758,0.0328,0
100.0,90.62,1,0.2437,0,0.2568,0.0019,1.56,0.0081,0
56.72,61.42,1,0.2319,0,0.2783,0.0289,1.5674,0.6281,1
100.0,97.89,1,0.2631,0,0.2532,0.0129,3.959,0.0229,0
99.31,92.52,1,0.2787,0,0.2898,0.0192,3.3135,0.0,0
100.0,94.96,1,0.216,0,0.2856,0.0235,1.8641,0.0442,0
99.06,97.67,1,0.2071,0,0.2476,0.0038,1.5066,0.0,0
100.0,93.14,1,0.2762,0,0.2465,0.0245,3.1277,0.0375,0
97.63,92.54,1,0.2221,0,0.2122,0.0144,3.7182,0.0106,0
99.71,92.86,1,0.2035,0,0.2314,0.0356,1.6798,0.0,0
100.0,95.52,1,0.2439,0,0.2288,0.0128,3.4627,0.0306,0
98.7,95.57,1,0.2383,0,0.297,0.0472,2.3271,0.0,0
100.0,95.53,1,0.2643,0,0.231,0.0371,2.2291,0.0,0
98.6,87.22,1,0.2261,0,0.2282,0.006,1.6512,0.0035,0
97.03,93.03,1,0.2774,0,0.2417,0.007,2.3398,0.0034,0
100.0,97.79,1,0.2711,0,0.2122,0.018,3.9514,0.0403,0
99.86,92.55,1,0.2456,0,0.2413,0.0014,3.9156,0.0,0
100.0,93.54,1,0.204,0,0.2185,0.0024,2.6414,0.0279,0
100.0,98.53,1,0.2316,0,0.2199,0.0359,3.3522,0.0323,0
100.0,100.0,1,0.2813,0,0.2769,0.0164,3.8838,0.0,0
100.0,82.47,1,0.2389,0,0.2269,0.0102,3.4299,0.0001,0
100.0,87.58,1,0.2756,0,0.2825,0.0184,2.9569,0.0,0
100.0,92.25,1,0.2693,0,0.2775,0.0491,2.622,0.0502,0
100.0,98.75,1,0.2652,0,0.2906,0.0451,2.3426,0.0,0
98.12,93.75,1,0.2708,0,0.2494,0.0127,2.0162,0.0,0
100.0,99.44,1,0.2756,0,0.289,0.0038,3.8784,0.0,0
63.42,61.41,1,0.2616,0,0.2338,0.0164,2.5783,0.5948,1
100.0,88.92,1,0.2822,0,0.2794,0.0004,3.9604,0.0,0
99.73,93.99,1,0.2831,0,0.281,0.0111,3.4483,0.0,0
74.63,49.24,1,0.2973,0,0.2653,0.0312,45.8771,0.6076,1
98.15,91.58,1,0.2345,0,0.2265,0.0045,3.7652,0.0155,0
98.82,94.73,1,0.2257,0,0.2977,0.0086,3.7409,0.0,0
99.57,94.87,1,0.2338,0,0.2536,0.0216,3.8039,0.0407,0
100.0,95.85,1,0.2102,0,0.2592,0.0358,3.3643,0.0,0
100.0,93.89,1,0.2753,0,0.2853,0.0264,3.6678,0.0,0
97.44,89.39,1,0.2342,0,0.2457,0.0367,3.3823,0.0395,0
100.0,94.01,1,0.2421,0,0.297,0.0046,1.9307,0.0328,0
99.26,95.36,1,0.2324,0,0.2884,0.0081,3.4241,0.0346,0
100.0,85.64,1,0.2368,0,0.2795,0.0445,3.776,0.0,0
97.7,97.38,1,0.2376,0,0.2035,0.048,1.5199,0.0,0
100.0,94.04,1,0.2161,0,0.265,0.041,1.8474,0.0,0
98.64,93.82,1,0.2571,0,0.2366,0.036,3.3414,0.0,0
100.0,92.78,1,0.2869,0,0.2257,0.0026,1.9066,0.0291,0
98.51,93.9,1,0.2545,0,0.2521,0.0499,1.6555,0.0,0
97.77,96.44,1,0.2921,0,0.2442,0.0105,1.7208,0.0168,0
99.83,85.51,1,0.2377,0,0.2298,0.0206,3.1082,0.0,0
100.0,95.02,1,0.2059,0,0.2327,0.0314,2.9933,0.0,0
99.22,96.06,1,0.2181,0,0.2177,0.0271,3.6084,0.0295,0
98.06,95.18,1,0.2001,0,0.2619,0.0495,2.276,0.0,0
99.92,91.56,1,0.2277,0,0.2283,0.0296,3.3658,0.0422,0
100.0,96.16,1,0.2781,0,0.2116,0.0111,2.0095,0.0179,0
98.76,88.53,1,0.2864,0,0.2344,0.0282,2.6789,0.0467,0
97.85,91.56,1,0.2082,0,0.2678,0.0163,2.9447,0.0177,0
100.0,86.14,1,0.2891,0,0.2485,0.0333,1.8346,0.0,0
100.0,97.26,1,0.2428,0,0.2068,0.002,3.5288,0.0084,0
100.0,95.62,1,0.2685,0,0.2409,0.0138,3.9745,0.0,0
97.29,93.17,1,0.264,0,0.2233,0.0274,3.7587,0.0083,0
97.57,94.67,1,0.2414,0,0.251,0.0388,3.2921,0.0337,0
99.19,93.01,1,0.2276,0,0.2683,0.0417,1.8285,0.0336,0
99.63,93.71,1,0.2085,0,0.2492,0.0457,3.7891,0.0245,0
97.53,91.14,1,0.2756,0,0.2727,0.0189,1.5991,0.0,0
100.0,87.47,1,0.2503,0,0.2097,0.0294,2.603,0.0184,0
97.19,93.19,1,0.229,0,0.2618,0.0293,2.0309,0.0274,0
100.0,94.2,1,0.2479,0,0.2914,0.045,3.9025,0.0074,0
100.0,95.23,1,0.2971,0,0.2577,0.0423,2.7637,0.0,0
98.3,95.95,1,0.2763,0,0.2888,0.0212,2.1931,0.0,0
97.07,86.39,1,0.2014,0,0.2029,0.0298,1.7509,0.0,0
99.69,93.67,1,0.2317,0,0.2494,0.0458,2.4714,0.0007,0
100.0,94.49,1,0.2809,0,0.2996,0.05,3.1298,0.046,0
100.0,85.99,1,0.2447,0,0.2532,0.0369,3.376,0.0,0
98.83,93.04,1,0.288,0,0.2956,0.0034,3.7582,0.0009,0
98.83,89.63,1,0.2365,0,0.2842,0.0446,3.902,0.0499,0
100.0,86.25,1,0.2356,0,0.2869,0.0239,1.9032,0.0066,0
97.47,91.6,1,0.2669,0,0.2278,0.0175,2.0091,0.0029,0
100.0,88.85,1,0.213,0,0.2936,0.0145,3.716,0.0,0
100.0,92.92,1,0.2859,0,0.2566,0.0402,3.0304,0.0,0
100.0,89.87,1,0.235,0,0.2851,0.0449,2.3921,0.0,0
100.0,88.42,1,0.2079,0,0.2688,0.0343,2.1921,0.0,0
100.0,86.0,1,0.291,0,0.2817,0.003,1.9884,0.0162,0
97.53,94.57,1,0.2339,0,0.2322,0.0493,3.1883,0.018,0
100.0,91.18,1,0.2138,0,0.2404,0.0279,2.0949,0.0234,0
97.64,97.77,1,0.2292,0,0.2933,0.0414,3.3559,0.0,0
77.88,64.24,1,0.277,0,0.2155,0.0361,2.4895,0.6308,1
97.74,87.83,1,0.201,0,0.2842,0.0168,3.904,0.0367,0
98.88,86.11,1,0.2193,0,0.2191,0.0459,2.6642,0.0,0
100.0,90.35,1,0.2436,0,0.203,0.0152,3.8543,0.0378,0
100.0,98.84,1,0.2714,0,0.2739,0.049,2.2762,0.012,0
99.88,87.55,1,0.2249,0,0.2336,0.0492,2.0609,0.0,0
99.64,87.85,1,0.2876,0,0.2777,0.0022,3.6495,0.0331,0
100.0,96.89,1,0.2367,0,0.282,0.0065,2.0937,0.0,0
98.98,86.25,1,0.2875,0,0.2249,0.0117,1.9506,0.0477,0
98.73,90.28,1,0.2334,0,0.2143,0.0185,2.4266,0.0012,0
100.0,94.71,1,0.2889,0,0.211,0.0327,2.2997,0.0054,0
97.75,96.97,1,0.2922,0,0.2838,0.0183,2.8519,0.0146,0
100.0,94.23,1,0.2854,0,0.2329,0.0469,2.4326,0.0,0
100.0,90.77,1,0.2007,0,0.2711,0.0238,3.1092,0.0,0
99.75,95.33,1,0.2403,0,0.2764,0.0279,3.7095,0.0009,0
100.0,92.73,1,0.2859,0,0.2138,0.0313,2.344,0.0,0
100.0,89.94,1,0.2739,0,0.2354,0.0213,1.789,0.0,0
97.58,92.61,1,0.2985,0,0.2931,0.0317,1.8954,0.0,0
97.03,100.0,1,0.2569,0,0.2914,0.0045,1.5239,0.0093,0
98.38,96.39,1,0.2685,0,0.2757,0.0251,1.7591,0.0,0
100.0,93.34,1,0.2586,0,0.2726,0.0165,3.45,0.0073,0
97.82,78.05,1,0.2988,0,0.2867,0.0101,3.7084,0.0,0
97.03,96.56,1,0.2995,0,0.2066,0.0019,3.0462,0.0246,0
99.35,95.72,1,0.254,0,0.2514,0.039,3.2112,0.003,0
100.0,93.9,1,0.2792,0,0.2016,0.0061,2.8737,0.0,0
100.0,94.64,1,0.201,0,0.2191,0.0085,3.7573,0.0141,0
99.77,91.3,1,0.2452,0,0.2503,0.0084,2.6613,0.0145,0
99.31,94.16,1,0.2491,0,0.2335,0.049,2.313,0.0003,0
99.35,97.54,1,0.2652,0,0.205,0.0127,1.6849,0.0099,0
99.69,92.56,1,0.2871,0,0.2611,0.0093,3.2086,0.0,0
98.87,98.91,1,0.2468,0,0.2188,0.0485,3.6628,0.0298,0
98.98,93.22,1,0.2967,0,0.2538,0.0314,2.7589,0.0,0
100.0,92.08,1,0.2431,0,0.2511,0.0341,3.8753,0.0,0
98.4,95.44,1,0.2282,0,0.2931,0.0407,2.5432,0.0,0
99.02,94.83,1,0.2343,0,0.2874,0.0273,2.491,0.0,0
97.47,87.27,1,0.267,0,0.245,0.0271,1.6664,0.0353,0
100.0,93.09,1,0.2046,0,0.2637,0.0499,2.6551,0.0312,0
98.35,92.38,1,0.2194,0,0.2017,0.0345,2.2837,0.027,0
100.0,88.97,1,0.2455,0,0.2666,0.0356,2.5226,0.0251,0
99.85,91.05,1,0.2555,0,0.2781,0.0044,1.6781,0.0443,0
100.0,94.46,1,0.2583,0,0.2259,0.0057,2.6947,0.0289,0
100.0,94.7,1,0.2928,0,0.248,0.0254,3.7486,0.0442,0
97.86,87.2,1,0.2029,0,0.2155,0.0364,2.2497,0.0,0
100.0,94.56,1,0.2009,0,0.2743,0.0377,3.2539,0.0471,0
97.95,91.06,1,0.2644,0,0.2595,0.0392,2.803,0.0,0
99.91,95.76,1,0.2977,0,0.2735,0.0356,1.5198,0.0,0
99.04,86.88,1,0.2889,0,0.2746,0.0059,1.9265,0.0143,0
97.5,91.36,1,0.2396,0,0.2079,0.0417,1.6479,0.0303,0
97.84,90.15,1,0.2777,0,0.2847,0.0383,1.6395,0.0212,0
97.32,90.21,1,0.2925,0,0.2775,0.0187,1.7102,0.0,0
98.33,85.56,1,0.2658,0,0.2271,0.0204,1.793,0.0275,0
100.0,88.64,1,0.2164,0,0.2484,0.0277,1.8989,0.0,0
100.0,88.28,1,0.2741,0,0.2021,0.0496,2.7528,0.0289,0
100.0,93.17,1,0.2123,0,0.297,0.0372,3.2495,0.0221,0
98.0,91.81,1,0.2831,0,0.2403,0.0419,2.0985,0.0136,0
97.56,90.84,1,0.2216,0,0.2944,0.0103,2.5286,0.0,0
100.0,96.3,1,0.2416,0,0.2872,0.0253,3.6551,0.0,0
100.0,90.55,1,0.2157,0,0.2602,0.0281,2.8205,0.0224,0
99.84,93.15,1,0.2595,0,0.261,0.0022,3.8707,0.0236,0
100.0,88.18,1,0.2496,0,0.2862,0.0056,1.5098,0.0,0
98.83,96.87,1,0.2388,0,0.2963,0.0107,1.8626,0.0164,0
100.0,91.89,1,0.2961,0,0.2772,0.0442,3.1002,0.0413,0
99.84,89.24,1,0.2157,0,0.2526,0.0388,2.4733,0.0183,0
100.0,98.27,1,0.2762,0,0.2485,0.0243,1.8758,0.0,0
98.25,94.49,1,0.2617,0,0.2202,0.0392,2.4293,0.0204,0
97.6,87.65,1,0.2808,0,0.2322,0.0261,2.0452,0.0,0
97.15,86.02,1,0.2619,0,0.2925,0.0461,1.7296,0.0275,0
100.0,95.05,1,0.2907,0,0.2387,0.0143,1.6727,0.0,0
100.0,91.45,1,0.226,0,0.2467,0.0059,1.5495,0.0196,0
100.0,92.55,1,0.2958,0,0.2105,0.0025,3.6066,0.0,0
97.75,87.94,1,0.2195,0,0.2549,0.0219,3.4148,0.0,0
99.03,86.73,1,0.2986,0,0.2403,0.0153,3.8146,0.0,0
99.64,91.94,1,0.2738,0,0.2365,0.0484,2.9095,0.0,0
100.0,93.41,1,0.2874,0,0.2848,0.0441,3.9619,0.0481,0
97.23,99.92,1,0.271,0,0.209,0.0215,2.1417,0.0,0
97.47,97.98,1,0.2465,0,0.2057,0.0008,1.9719,0.0205,0
100.0,90.2,1,0.2059,0,0.2364,0.0047,1.6471,0.0245,0
98.66,97.52,1,0.204,0,0.2215,0.0108,2.0055,0.0,0
97.16,90.74,1,0.2979,0,0.2429,0.0196,1.9053,0.0,0
58.72,46.44,1,0.277,0,0.2919,0.0401,50.3601,0.6427,1
97.41,94.51,1,0.2917,0,0.257,0.0426,2.3208,0.0,0
99.65,96.94,1,0.2327,0,0.2319,0.05,2.6541,0.0097,0
99.84,95.75,1,0.2082,0,0.2467,0.0266,2.5691,0.0213,0
100.0,91.54,1,0.2885,0,0.2279,0.0474,3.6548,0.0,0
97.62,94.87,1,0.217,0,0.2096,0.0327,3.2895,0.0325,0
100.0,96.68,1,0.2182,0,0.2316,0.0239,3.05,0.0,0
100.0,95.68,1,0.2951,0,0.265,0.0068,3.7507,0.022,0
100.0,91.39,1,0.2133,0,0.2165,0.0458,3.0513,0.0382,0
100.0,95.12,1,0.282,0,0.2712,0.0447,2.7479,0.0319,0
100.0,99.61,1,0.2041,0,0.2994,0.044,3.1808,0.0,0
100.0,92.7,1,0.2645,0,0.2512,0.0482,3.4367,0.0,0
100.0,92.74,1,0.2196,0,0.2886,0.041,3.48,0.0056,0
98.86,88.2,1,0.2107,0,0.2821,0.0003,3.9537,0.0,0
99.31,92.24,1,0.2864,0,0.2856,0.0358,2.3116,0.0467,0
99.76,95.25,1,0.2058,0,0.2609,0.0208,3.2423,0.0203,0
99.51,90.79,1,0.2771,0,0.2753,0.0472,2.2176,0.0,0
53.67,71.1,1,0.2406,0,0.223,0.0392,2.8107,0.5624,1
99.39,94.27,1,0.2202,0,0.2471,0.0402,2.6819,0.0,0
100.0,89.96,1,0.2667,0,0.2526,0.0054,3.2304,0.0,0
100.0,91.8,1,0.2397,0,0.2223,0.0232,2.2778,0.0407,0
100.0,96.34,1,0.2776,0,0.2934,0.0228,1.7105,0.0076,0
100.0,98.93,1,0.2581,0,0.2179,0.0247,2.3266,0.0,0
99.04,95.13,1,0.2624,0,0.2786,0.0398,3.2204,0.032,0
99.75,88.74,1,0.2009,0,0.24,0.011,1.9852,0.0,0
100.0,86.92,1,0.2744,0,0.2013,0.009,2.4988,0.0089,0
99.83,93.05,1,0.2025,0,0.2667,0.0429,3.4708,0.0474,0
99.47,92.93,1,0.2396,0,0.2035,0.0417,3.7668,0.0005,0
98.73,93.88,1,0.2973,0,0.2855,0.0333,3.0375,0.0,0
56.87,67.21,0,0.2613,0,0.2087,0.0031,3.8554,0.7245,1
97.76,90.07,1,0.2755,0,0.2699,0.036,1.9485,0.0,0
100.0,86.59,1,0.2015,0,0.2671,0.0054,3.9363,0.0051,0
100.0,94.74,1,0.2245,0,0.2224,0.0198,3.3332,0.0,0
100.0,90.61,1,0.2159,0,0.2311,0.042,1.8565,0.0,0
99.26,93.46,1,0.2673,0,0.271,0.0015,3.5737,0.0,0
97.38,92.46,1,0.2309,0,0.2947,0.0317,2.3875,0.0,0
100.0,91.17,1,0.2878,0,0.2836,0.0276,2.7208,0.0,0
100.0,89.84,1,0.2855,0,0.2654,0.0188,3.6808,0.0,0
99.65,98.44,1,0.2071,0,0.2482,0.0107,2.2916,0.0477,0
99.5,94.68,1,0.2626,0,0.2808,0.0083,2.8107,0.0445,0
98.8,96.5,1,0.2359,0,0.2698,0.042,3.7602,0.0319,0
99.79,94.12,1,0.2355,0,0.205,0.0055,3.3301,0.0368,0
98.68,91.44,1,0.2185,0,0.2674,0.0483,3.2833,0.0213,0
100.0,94.48,1,0.2293,0,0.2203,0.0098,1.592,0.0,0
97.42,90.48,1,0.2481,0,0.2108,0.0361,1.7809,0.0,0
100.0,92.27,1,0.2849,0,0.2459,0.0279,3.3671,0.0372,0
100.0,90.57,1,0.2445,0,0.2155,0.0187,3.7741,0.0213,0
99.46,90.53,1,0.2833,0,0.2897,0.0457,3.7441,0.0157,0
100.0,89.92,1,0.2067,0,0.2308,0.0017,1.9787,0.0115,0
97.43,94.35,1,0.2919,0,0.2586,0.0384,2.8697,0.0123,0
31.46,67.35,1,0.2722,0,0.2858,0.037,2.3239,0.7329,1
97.83,97.2,1,0.2475,0,0.2992,0.0418,2.761,0.0,0
100.0,87.9,1,0.2401,0,0.2827,0.0446,2.473,0.0,0
100.0,94.45,1,0.2947,0,0.2837,0.0229,3.7095,0.0,0
99.67,92.58,1,0.2855,0,0.2715,0.0338,2.955,0.0189,0
100.0,98.31,1,0.2454,0,0.223,0.0288,1.66,0.0051,0
100.0,91.14,1,0.2468,0,0.2485,0.0296,3.6825,0.0294,0
100.0,99.29,1,0.2602,0,0.2847,0.0012,2.3401,0.0495,0
100.0,94.29,1,0.298,0,0.2547,0.0481,2.732,0.0,0
97.04,97.9,1,0.2307,0,0.2001,0.0081,1.5648,0.0376,0
97.29,93.91,1,0.2979,0,0.2901,0.0207,2.0278,0.0269,0
99.05,90.84,1,0.2238,0,0.21,0.035,1.7383,0.0134,0
100.0,92.59,1,0.2459,0,0.2273,0.0107,3.6329,0.0184,0
98.05,91.28,1,0.2103,0,0.2817,0.0058,3.421,0.0,0
98.9,94.02,1,0.2351,0,0.2897,0.0448,2.3649,0.0262,0
100.0,92.88,1,0.2993,0,0.2715,0.029,2.3645,0.0427,0
97.88,97.44,1,0.2436,0,0.2954,0.0067,2.162,0.0271,0
97.44,93.43,1,0.2855,0,0.2068,0.0437,1.5034,0.0,0
100.0,90.65,1,0.2284,0,0.2402,0.0094,2.3345,0.0,0
59.97,60.45,1,0.2876,0,0.2307,0.0329,3.0589,0.5778,1
99.11,96.74,1,0.2533,0,0.2182,0.0428,2.9146,0.0,0
100.0,90.01,1,0.2445,0,0.2108,0.031,3.759,0.0,0
98.87,91.82,1,0.2319,0,0.2867,0.0003,2.0021,0.0011,0
100.0,94.05,1,0.2379,0,0.2851,0.0325,2.1428,0.0,0
98.7,94.01,1,0.276,0,0.211,0.0284,1.5701,0.0,0
100.0,93.1,1,0.2854,0,0.2907,0.0264,3.629,0.0,0
100.0,88.49,1,0.2595,0,0.2473,0.0153,2.6203,0.0205,0
100.0,95.13,1,0.2722,0,0.2958,0.0313,2.6507,0.0112,0
100.0,91.77,1,0.2875,0,0.2939,0.0008,2.7487,0.0,0
98.35,94.22,1,0.2279,0,0.2496,0.0259,3.9667,0.0427,0
100.0,98.6,1,0.2774,0,0.2217,0.0164,1.8208,0.0,0
97.66,96.02,1,0.2508,0,0.2489,0.0024,3.5634,0.0,0
97.36,91.19,1,0.2286,0,0.2501,0.0131,1.7244,0.0,0
98.75,86.17,1,0.2839,0,0.2143,0.0418,3.9796,0.0271,0
100.0,97.37,1,0.2119,0,0.2509,0.0129,2.818,0.0048,0
98.43,95.25,1,0.247,0,0.2039,0.0236,2.146,0.0038,0
97.64,96.62,1,0.2025,0,0.2552,0.0283,2.0865,0.0288,0
99.99,94.74,1,0.2167,0,0.222,0.0144,3.5563,0.0,0
100.0,85.6,1,0.2076,0,0.2482,0.0272,2.6932,0.0,0
100.0,93.09,1,0.2645,0,0.2281,0.0478,1.7819,0.0227,0
100.0,96.14,1,0.2442,0,0.2241,0.0092,2.5749,0.0,0
98.11,96.45,1,0.2443,0,0.2077,0.0446,2.9854,0.0,0
100.0,95.88,1,0.2286,0,0.2539,0.0281,2.7982,0.0,0
100.0,94.13,1,0.2573,0,0.2337,0.039,3.8794,0.0237,0
100.0,94.93,1,0.2449,0,0.2947,0.03,2.8849,0.0,0
97.65,95.69,1,0.2721,0,0.2333,0.0153,2.5152,0.0458,0
98.22,92.73,1,0.2428,0,0.2536,0.0287,3.5656,0.0006,0
98.17,91.96,1,0.2462,0,0.2518,0.0213,3.5061,0.0,0
97.43,95.49,1,0.2781,0,0.282,0.0297,2.673,0.0,0
69.18,58.03,1,0.27,0,0.2431,0.0283,2.0491,0.568,1
100.0,93.17,1,0.277,0,0.2605,0.0339,1.8502,0.0212,0
99.94,92.31,1,0.238,0,0.2486,0.0363,1.5982,0.0,0
100.0,91.56,1,0.291,0,0.2233,0.0274,2.0009,0.0,0
61.83,56.41,1,0.2764,0,0.2126,0.0405,2.2914,0.5752,1
97.22,92.68,1,0.2534,0,0.2428,0.0343,2.351,0.0,0
99.8,85.7,1,0.2645,0,0.2683,0.0127,3.3277,0.0228,0
100.0,92.26,1,0.2032,0,0.2442,0.0469,3.1942,0.05,0
100.0,97.15,1,0.2179,0,0.2558,0.0036,2.4855,0.0187,0
100.0,95.77,1,0.2386,0,0.2825,0.0317,1.7808,0.0,0
100.0,90.71,1,0.2068,0,0.2083,0.0306,2.1002,0.0,0
100.0,86.38,1,0.2838,0,0.2412,0.0222,3.2103,0.0,0
99.72,93.57,1,0.2356,0,0.2351,0.0239,2.9643,0.0,0
100.0,92.42,1,0.2529,0,0.288,0.0389,3.1776,0.0,0
100.0,96.24,1,0.233,0,0.21,0.0361,2.41,0.0375,0
98.78,92.31,1,0.2657,0,0.2808,0.0207,1.7269,0.0465,0
97.82,88.05,1,0.2573,0,0.2198,0.0107,2.2966,0.0,0
100.0,97.92,1,0.2055,0,0.2939,0.0031,1.7197,0.0,0
99.34,91.52,1,0.2843,0,0.2748,0.0362,2.0072,0.0046,0
100.0,89.92,1,0.2193,0,0.2829,0.0348,2.0249,0.0236,0
97.1,87.62,1,0.2226,0,0.2581,0.0142,3.6327,0.0,0
97.35,93.0,1,0.2613,0,0.2404,0.0476,2.8088,0.0,0
99.57,96.28,1,0.2078,0,0.2178,0.0325,3.323,0.0,0
98.38,98.14,1,0.2482,0,0.2525,0.0333,1.8923,0.0076,0
100.0,89.79,1,0.2652,0,0.2363,0.0282,2.4887,0.0065,0
98.04,93.66,1,0.2578,0,0.2955,0.0323,3.461,0.0312,0
100.0,90.65,1,0.2334,0,0.247,0.05,2.4874,0.0202,0
98.29,88.79,1,0.2524,0,0.2379,0.0401,2.9974,0.0315,0
100.0,86.25,1,0.2007,0,0.2751,0.0211,1.7304,0.031,0
100.0,89.12,1,0.2258,0,0.2819,0.0097,3.5648,0.0,0
99.68,87.53,1,0.2187,0,0.2266,0.0377,3.3984,0.0,0
97.88,95.5,1,0.2529,0,0.2992,0.044,2.4711,0.0246,0
100.0,94.84,1,0.2895,0,0.2422,0.0261,3.9493,0.0,0
97.95,95.46,1,0.2461,0,0.2544,0.0462,2.5961,0.0,0
98.55,96.11,1,0.2603,0,0.2834,0.0279,3.0237,0.0096,0
100.0,95.58,1,0.2224,0,0.2422,0.0108,2.7804,0.0,0
100.0,86.19,1,0.2223,0,0.227,0.0213,2.1999,0.0323,0
100.0,96.81,1,0.2734,0,0.2399,0.0211,2.6192,0.0481,0
100.0,95.65,1,0.2509,0,0.2464,0.0087,2.7549,0.0081,0
98.91,86.85,1,0.2466,0,0.2405,0.0344,2.4442,0.0291,0
98.78,88.11,1,0.2469,0,0.2458,0.0421,2.2393,0.0,0
97.23,91.0,1,0.2029,0,0.25,0.0104,3.3479,0.0339,0
100.0,87.88,1,0.2139,0,0.2192,0.0384,1.8939,0.0,0
100.0,90.1,1,0.2919,0,0.2382,0.0073,3.2902,0.0483,0
100.0,91.73,1,0.2044,0,0.2037,0.0166,3.7459,0.0,0
98.29,91.43,1,0.2725,0,0.2376,0.037,3.6944,0.0308,0
100.0,91.93,1,0.2788,0,0.2397,0.02,2.4882,0.0,0
100.0,96.61,1,0.2756,0,0.2773,0.0004,2.049,0.0,0
100.0,94.01,1,0.2509,0,0.2585,0.0407,3.6501,0.0,0
97.33,97.72,1,0.2168,0,0.2429,0.0112,2.6218,0.0495,0
50.94,67.77,1,0.2701,0,0.2149,0.0428,2.3398,0.5951,1
100.0,93.63,1,0.2153,0,0.2453,0.0127,3.7501,0.0,0
100.0,94.61,1,0.265,0,0.2603,0.0127,1.787,0.0108,0
99.45,95.41,1,0.2861,0,0.2588,0.0442,1.9601,0.0276,0
100.0,88.98,1,0.215,0,0.2055,0.0175,2.6254,0.0,0
100.0,93.55,1,0.2717,0,0.2601,0.0333,2.6051,0.0,0
99.2,90.06,1,0.2751,0,0.2248,0.0179,1.8425,0.0038,0
100.0,95.63,1,0.2434,0,0.224,0.0271,2.2227,0.0,0
97.17,91.47,1,0.2937,0,0.2498,0.0385,2.4189,0.0,0
100.0,97.1,1,0.2655,0,0.2674,0.0459,3.3183,0.0,0
97.03,94.92,1,0.2737,0,0.2573,0.0326,3.9745,0.0107,0
98.58,91.46,1,0.2902,0,0.2033,0.019,3.8885,0.0,0
97.85,97.28,1,0.2272,0,0.2741,0.0197,3.1719,0.0,0
97.09,97.64,1,0.2112,0,0.2287,0.0078,2.2541,0.0085,0
100.0,90.5,1,0.2251,0,0.2817,0.0283,2.8862,0.0498,0
100.0,85.04,1,0.2537,0,0.2902,0.0421,2.5395,0.0,0
98.21,97.47,1,0.2071,0,0.258,0.0065,1.5291,0.032,0
97.67,95.96,1,0.2599,0,0.2891,0.0131,2.3276,0.0073,0
97.12,95.23,1,0.2782,0,0.215,0.001,2.4325,0.025,0
98.68,90.0,1,0.2677,0,0.2979,0.0263,1.9409,0.0,0
100.0,87.58,1,0.2525,0,0.2641,0.0029,1.5777,0.0378,0
98.92,95.05,1,0.2518,0,0.2233,0.029,2.6256,0.0477,0
100.0,93.4,1,0.2286,0,0.2698,0.0142,1.5154,0.0392,0
76.17,55.17,1,0.2799,0,0.2073,0.0401,3.7218,0.5946,1
100.0,91.04,1,0.2345,0,0.2306,0.0267,1.7796,0.0103,0
100.0,91.26,1,0.2524,0,0.2989,0.0241,3.3003,0.0,0
99.04,92.77,1,0.2268,0,0.2888,0.0116,2.8183,0.0,0
100.0,96.04,1,0.2647,0,0.2902,0.0463,3.6827,0.0,0
35.77,50.16,1,0.2699,0,0.2293,0.0476,2.1918,0.6498,1
100.0,100.0,1,0.2707,0,0.2165,0.0377,3.5645,0.0,0
70.35,57.76,1,0.7534,0,0.7108,0.0153,3.8512,0.7157,1
68.78,70.13,1,0.2166,0,0.2024,0.0394,2.3366,0.5586,1
100.0,90.28,1,0.2126,0,0.2479,0.0362,1.5805,0.0,0
100.0,95.26,1,0.2026,0,0.2521,0.0106,3.6175,0.0,0
98.91,83.83,1,0.243,0,0.2686,0.0041,2.0658,0.0134,0
98.42,88.36,1,0.2405,0,0.2017,0.0097,2.7319,0.0,0
98.71,94.07,1,0.2743,0,0.2059,0.0433,2.9167,0.0392,0
99.68,99.92,1,0.2536,0,0.2488,0.0078,3.3579,0.0,0
100.0,88.51,1,0.2623,0,0.2256,0.0396,2.5685,0.0,0
99.13,95.51,1,0.2407,0,0.2988,0.0159,3.2551,0.0,0
100.0,90.12,1,0.2483,0,0.2528,0.0362,2.9941,0.0,0
97.45,87.84,1,0.2952,0,0.2344,0.045,2.2597,0.0,0
100.0,93.89,1,0.24,0,0.2492,0.0394,2.5466,0.0251,0
44.14,45.68,1,0.2376,0,0.2206,0.0269,3.0815,0.6432,1
97.77,93.94,1,0.2114,0,0.2986,0.0002,3.423,0.0,0
100.0,95.43,1,0.2576,0,0.267,0.0069,2.0627,0.0036,0
100.0,90.16,1,0.232,0,0.2012,0.0392,1.6601,0.0351,0
100.0,94.95,1,0.2173,0,0.2328,0.0049,3.3178,0.0476,0
100.0,91.84,1,0.2446,0,0.2101,0.0487,1.9957,0.0,0
98.45,89.63,1,0.2273,0,0.2155,0.0485,3.712,0.0,0
97.68,99.95,1,0.2059,0,0.2763,0.0147,2.4401,0.0,0
97.44,92.11,1,0.281,0,0.2728,0.0017,3.421,0.0,0
100.0,90.62,1,0.2699,0,0.2459,0.0373,2.1737,0.0274,0
97.47,95.08,1,0.2245,0,0.2291,0.0096,3.0309,0.0483,0
99.45,94.81,1,0.2106,0,0.2259,0.0367,2.0332,0.0,0
100.0,90.65,1,0.2626,0,0.2768,0.0167,2.5802,0.0,0
98.66,94.63,1,0.2675,0,0.2148,0.0186,3.3034,0.0264,0
100.0,93.79,1,0.2762,0,0.2642,0.03,3.5153,0.0279,0
71.38,68.36,1,0.2298,0,0.2118,0.0082,50.9717,0.6428,1
100.0,94.34,1,0.2464,0,0.2989,0.0485,2.9698,0.0,0
100.0,91.02,1,0.2921,0,0.2028,0.0022,2.0088,0.0402,0
98.53,91.93,1,0.2341,0,0.2571,0.0474,1.5251,0.0007,0
100.0,99.48,1,0.2292,0,0.2425,0.0149,2.0253,0.0063,0
97.82,95.52,1,0.2831,0,0.2729,0.0333,1.9718,0.0,0
97.98,92.88,1,0.2898,0,0.2712,0.0499,3.4428,0.0,0
100.0,92.17,1,0.2535,0,0.2193,0.0118,1.5705,0.0,0
99.24,95.99,1,0.2117,0,0.2651,0.0238,2.7466,0.0495,0
100.0,95.49,1,0.2341,0,0.2088,0.0012,2.3434,0.0075,0
62.25,62.54,1,0.2729,0,0.2149,0.0107,2.0918,0.7296,1
99.6,90.55,1,0.2869,0,0.2411,0.0069,3.3622,0.0399,0
100.0,87.6,1,0.2903,0,0.2763,0.0377,2.1428,0.0447,0
99.64,92.14,1,0.2336,0,0.2222,0.0346,2.1502,0.0099,0
100.0,96.59,1,0.2471,0,0.2245,0.0244,3.5604,0.0,0
100.0,94.35,1,0.2108,0,0.2152,0.0001,2.6498,0.0429,0
52.4,64.47,1,0.2118,0,0.2521,0.0103,3.2089,0.6013,1
99.98,93.83,1,0.2928,0,0.2924,0.0338,3.9889,0.0,0
97.58,96.55,1,0.2737,0,0.2392,0.0007,3.2697,0.0433,0
98.69,90.38,1,0.2199,0,0.2963,0.0291,3.0292,0.0,0
100.0,94.9,1,0.2265,0,0.2811,0.008,2.4026,0.0466,0
98.53,92.09,1,0.2494,0,0.24,0.0291,2.1066,0.0,0
98.57,97.11,1,0.2617,0,0.2409,0.0395,1.8625,0.0,0
97.02,91.47,1,0.2734,0,0.2442,0.0437,3.1951,0.0,0
97.78,90.81,1,0.2733,0,0.2873,0.0216,3.9072,0.0,0
98.88,94.08,1,0.2882,0,0.2834,0.0302,2.8588,0.0,0
100.0,91.07,1,0.2577,0,0.2071,0.0267,2.5523,0.0304,0
98.55,97.75,1,0.2794,0,0.2235,0.027,3.8869,0.022,0
75.07,49.54,0,0.2524,0,0.2512,0.0193,2.2004,0.6918,1
97.46,90.25,1,0.2182,0,0.2396,0.0395,2.2663,0.0,0
99.08,95.03,1,0.2092,0,0.2331,0.0169,3.3403,0.0314,0
98.23,90.57,1,0.2296,0,0.297,0.0296,2.4567,0.0,0
97.77,90.44,1,0.2604,0,0.2326,0.0228,3.0382,0.0,0
99.35,97.36,1,0.2568,0,0.2472,0.0172,3.0351,0.0,0
81.15,55.94,1,0.2003,0,0.2336,0.0183,2.3942,0.624,1
100.0,97.99,1,0.2775,0,0.2106,0.0217,2.6977,0.0,0
100.0,99.17,1,0.2213,0,0.2194,0.0204,3.9933,0.0207,0
99.29,93.41,1,0.2789,0,0.2053,0.0354,3.8004,0.0268,0
100.0,92.65,1,0.2418,0,0.2742,0.0282,1.6902,0.0496,0
100.0,90.28,1,0.2567,0,0.2587,0.0255,2.3199,0.0,0
99.67,88.4,1,0.2885,0,0.221,0.0086,3.531,0.0,0
100.0,92.56,1,0.2212,0,0.2574,0.0236,1.6621,0.0073,0
69.37,59.56,1,0.2051,0,0.2642,0.0242,3.2151,0.5808,1
99.92,94.48,1,0.2138,0,0.2542,0.0354,3.1087,0.0234,0
97.76,90.52,1,0.2116,0,0.2154,0.0219,2.6211,0.0402,0
97.17,91.73,1,0.21,0,0.2561,0.026,2.0878,0.0204,0
98.67,91.08,1,0.2907,0,0.2348,0.02,1.5858,0.0486,0
98.26,95.94,1,0.2001,0,0.2883,0.0489,1.5937,0.0189,0
100.0,94.93,1,0.237,0,0.2081,0.0428,3.8975,0.0,0
98.52,96.61,1,0.2279,0,0.2752,0.0022,3.7598,0.0,0
99.72,92.42,1,0.282,0,0.2868,0.0429,2.5284,0.0,0
71.41,62.22,1,0.7268,0,0.761,0.0182,3.3246,0.6871,1
100.0,91.22,1,0.2374,0,0.2493,0.0166,3.7401,0.0326,0
100.0,95.82,1,0.2983,0,0.2999,0.0048,2.8911,0.0448,0
100.0,91.76,1,0.2816,0,0.2793,0.0453,1.623,0.0,0
100.0,94.82,1,0.2178,0,0.2484,0.0439,3.5458,0.0382,0
100.0,90.63,1,0.2025,0,0.2287,0.0467,3.3205,0.0366,0
97.17,91.1,1,0.2749,0,0.2912,0.0386,3.5634,0.0,0
52.36,54.02,1,0.2436,0,0.2465,0.0053,3.7068,0.5699,1
78.32,63.82,1,0.2858,0,0.213,0.0013,2.2489,0.591,1
100.0,88.63,1,0.2035,0,0.2477,0.0455,3.618,0.0,0
98.92,95.93,1,0.2697,0,0.2928,0.0275,3.8826,0.0,0
100.0,93.72,1,0.2753,0,0.2004,0.0119,3.6618,0.0,0
97.55,94.71,1,0.2727,0,0.2548,0.0043,3.9618,0.0,0
99.85,89.97,1,0.2965,0,0.2298,0.0073,3.0878,0.0507,0
98.06,90.91,1,0.2692,0,0.2807,0.0079,2.518,0.0054,0
100.0,95.35,1,0.2758,0,0.2905,0.032,2.2944,0.0,0
100.0,96.03,1,0.2101,0,0.2233,0.0128,3.7787,0.0,0
98.31,97.01,1,0.2248,0,0.2561,0.0153,1.9678,0.0,0
100.0,93.26,1,0.2804,0,0.234,0.0299,2.6935,0.0,0
99.58,91.43,1,0.2849,0,0.2696,0.0395,2.0917,0.0,0
98.06,86.1,1,0.2779,0,0.2879,0.02,3.755,0.0131,0
99.66,96.59,1,0.2329,0,0.202,0.0019,2.9166,0.0482,0
99.81,97.39,1,0.2213,0,0.249,0.0326,3.5759,0.0011,0
98.77,89.63,1,0.2975,0,0.291,0.0342,2.1909,0.0,0
97.12,91.72,1,0.2693,0,0.205,0.0168,3.9211,0.0,0
98.94,88.86,1,0.2044,0,0.2231,0.0001,3.5863,0.0501,0
98.86,96.29,1,0.2893,0,0.2439,0.0286,2.6556,0.0,0
100.0,99.9,1,0.2209,0,0.2991,0.0387,3.9353,0.0,0
42.36,69.66,0,0.7285,1,0.7059,1.123,3.0973,0.7098,1
100.0,89.93,1,0.2553,0,0.2233,0.0256,2.0296,0.0033,0
100.0,86.96,1,0.2819,0,0.2392,0.0349,1.7173,0.0,0
99.63,88.36,1,0.2523,0,0.2905,0.0295,1.7148,0.0,0
97.66,91.4,1,0.2504,0,0.2138,0.0386,2.212,0.0304,0
99.36,88.6,1,0.2629,0,0.29,0.0204,3.178,0.0009,0
100.0,97.03,1,0.2228,0,0.2972,0.0435,1.6347,0.0291,0
98.43,94.9,1,0.2414,0,0.2245,0.0159,2.6885,0.0231,0
100.0,94.8,1,0.2322,0,0.23,0.0077,3.0834,0.0021,0
100.0,96.51,1,0.222,0,0.22,0.0392,2.3343,0.025,0
100.0,97.74,1,0.2766,0,0.2327,0.0005,1.6473,0.0375,0
73.5,69.21,1,0.2956,0,0.2259,0.0475,1.6504,0.567,1
100.0,94.68,1,0.294,0,0.2116,0.0037,3.5033,0.0,0
98.32,91.85,1,0.2136,0,0.2779,0.0394,2.1392,0.0,0
100.0,91.29,1,0.2026,0,0.2116,0.0061,3.6013,0.03,0
37.0,48.4,0,0.7316,1,0.7613,3.606,2.3123,0.7768,1
99.79,89.05,1,0.2738,0,0.2327,0.03,3.8372,0.0132,0
98.65,96.24,1,0.2193,0,0.2381,0.007,3.9881,0.0,0
99.55,91.42,1,0.2068,0,0.2935,0.0049,3.4943,0.0199,0
54.26,63.26,1,0.2686,0,0.2103,0.0466,2.9964,0.6697,1
100.0,87.27,1,0.261,0,0.2445,0.036,1.5879,0.0,0
100.0,96.59,1,0.2958,0,0.2544,0.006,2.9284,0.0,0
98.93,91.62,1,0.2495,0,0.2577,0.026,1.628,0.0039,0
100.0,91.27,1,0.2678,0,0.2945,0.0417,3.7154,0.0024,0
100.0,88.49,1,0.2598,0,0.2739,0.0044,2.0764,0.0,0
100.0,88.62,1,0.2032,0,0.2198,0.0405,3.1048,0.0,0
100.0,93.38,1,0.284,0,0.2407,0.0421,2.6849,0.0,0
98.6,94.59,1,0.2813,0,0.2361,0.0171,2.8712,0.0181,0
98.87,96.1,1,0.2163,0,0.2589,0.0498,2.4798,0.0,0
99.11,97.72,1,0.2503,0,0.2987,0.0196,2.1431,0.0,0
100.0,95.95,1,0.2531,0,0.2875,0.0451,1.6114,0.0,0
100.0,95.2,1,0.2756,0,0.2981,0.0449,2.8105,0.0114,0
100.0,96.28,1,0.2744,0,0.2204,0.0357,1.6206,0.0036,0
100.0,96.44,1,0.2264,0,0.2939,0.0,3.8016,0.0042,0
100.0,92.69,1,0.2484,0,0.2034,0.0341,3.5644,0.0115,0
100.0,88.27,1,0.225,0,0.2421,0.0047,3.8738,0.0489,0
97.28,89.4,1,0.2648,0,0.2277,0.0018,3.0647,0.0,0
99.68,93.0,1,0.2386,0,0.2648,0.009,3.7154,0.0322,0
68.3,52.6,1,0.2894,0,0.2103,0.0256,47.193,0.5583,1
98.97,86.97,1,0.2021,0,0.2496,0.023,2.3614,0.0447,0
100.0,95.5,1,0.2359,0,0.28,0.0195,3.6012,0.0135,0
98.73,94.48,1,0.2749,0,0.2268,0.0267,1.8146,0.0,0
97.87,86.47,1,0.2107,0,0.2778,0.0132,2.3599,0.0,0
98.44,95.86,1,0.2634,0,0.211,0.0157,2.4472,0.0,0
56.8,64.05,1,0.2204,0,0.2957,0.0104,50.7222,0.57,1
97.11,96.85,1,0.2891,0,0.2782,0.0226,2.0807,0.0,0
97.71,96.4,1,0.2073,0,0.268,0.0357,3.2869,0.0,0
100.0,93.68,1,0.2547,0,0.2371,0.0256,1.8851,0.0,0
100.0,96.86,1,0.2251,0,0.29,0.0426,2.8533,0.0116,0
97.81,91.27,1,0.2111,0,0.2922,0.0246,3.0508,0.0,0
100.0,92.35,1,0.2972,0,0.2978,0.0101,2.5739,0.0416,0
97.21,90.6,1,0.2353,0,0.2373,0.0256,2.0799,0.0,0
100.0,96.82,1,0.2356,0,0.2501,0.0186,3.8406,0.0,0
97.12,91.82,1,0.2344,0,0.2739,0.0246,2.2108,0.0364,0
97.76,92.59,1,0.2254,0,0.2449,0.0049,3.68,0.0,0
97.62,97.49,1,0.2945,0,0.2956,0.0388,3.2359,0.0242,0
100.0,95.91,1,0.2597,0,0.244,0.0173,3.1224,0.0,0
97.41,91.79,1,0.2335,0,0.2999,0.0008,3.9103,0.0,0
98.52,89.71,1,0.2261,0,0.2239,0.0283,1.9586,0.0,0
99.85,96.17,1,0.2605,0,0.283,0.0342,2.6248,0.0,0
100.0,95.24,1,0.2344,0,0.2362,0.0036,3.6581,0.0452,0
97.03,93.72,1,0.2318,0,0.2139,0.0187,3.4502,0.032,0
98.91,90.58,1,0.2075,0,0.2273,0.024,1.9369,0.0,0
100.0,99.33,1,0.2925,0,0.2567,0.0251,2.0907,0.0,0
97.66,92.97,1,0.2106,0,0.2313,0.0018,2.1406,0.0,0
97.58,96.88,1,0.2923,0,0.2342,0.0316,2.4341,0.0,0
99.32,97.61,1,0.2249,0,0.2422,0.0047,3.0069,0.0105,0
100.0,95.25,1,0.2344,0,0.2806,0.0175,2.6704,0.0435,0
100.0,85.31,1,0.2396,0,0.2564,0.0254,3.306,0.0185,0
97.41,97.19,1,0.2617,0,0.2263,0.0375,2.9745,0.0,0
100.0,87.06,1,0.2323,0,0.2774,0.0183,3.5491,0.0,0
98.02,92.65,1,0.2452,0,0.2189,0.0411,3.6802,0.0471,0
100.0,93.59,1,0.2017,0,0.273,0.0387,3.3563,0.008,0
100.0,92.15,1,0.2097,0,0.2999,0.0203,3.4929,0.0,0
97.8,93.31,1,0.276,0,0.2427,0.0438,1.8024,0.0,0
100.0,92.19,1,0.2301,0,0.2227,0.0481,3.3708,0.0,0
99.3,95.44,1,0.2203,0,0.2734,0.0135,2.3472,0.0,0
97.2,92.99,1,0.2963,0,0.2905,0.0411,3.1132,0.0499,0
73.74,51.38,0,0.2165,0,0.2591,0.0143,2.4048,0.667,1
100.0,86.62,1,0.2253,0,0.2064,0.0343,1.6135,0.0,0
100.0,91.16,1,0.2315,0,0.2386,0.0334,1.5016,0.0105,0
100.0,93.79,1,0.24,0,0.2107,0.0395,3.1901,0.0203,0
97.82,92.11,1,0.2701,0,0.2165,0.0109,2.6244,0.0,0
100.0,96.66,1,0.2271,0,0.2502,0.0467,2.4791,0.0,0
100.0,95.72,1,0.292,0,0.2417,0.0215,3.6803,0.0,0
100.0,85.48,1,0.2964,0,0.2008,0.0001,1.976,0.0,0
97.51,89.73,1,0.2095,0,0.2641,0.0387,2.3411,0.0,0
100.0,97.96,1,0.2513,0,0.2772,0.0466,3.2821,0.0,0
97.5,95.9,1,0.2329,0,0.2656,0.0484,2.9173,0.0248,0
100.0,85.76,1,0.2325,0,0.2461,0.0181,2.1378,0.0073,0
97.36,91.7,1,0.2537,0,0.2815,0.001,2.3887,0.0,0
97.41,89.99,1,0.2583,0,0.242,0.0171,3.1691,0.0,0
97.51,89.74,1,0.2143,0,0.2497,0.0442,3.5412,0.0,0
98.72,91.08,1,0.2629,0,0.287,0.0422,2.3948,0.0,0
100.0,93.33,1,0.2523,0,0.2191,0.019,3.7614,0.0235,0
98.86,92.78,1,0.2756,0,0.2014,0.0077,2.4866,0.0,0
41.41,52.53,1,0.2185,0,0.2244,0.0322,2.9457,0.7773,1
97.83,91.44,1,0.212,0,0.2078,0.0332,3.4007,0.051,0
100.0,86.99,1,0.2396,0,0.2681,0.0315,3.6367,0.0034,0
100.0,91.71,1,0.2583,0,0.2728,0.0075,2.1872,0.0024,0
97.36,91.12,1,0.2243,0,0.2868,0.0412,2.7977,0.0384,0
100.0,94.29,1,0.2035,0,0.2001,0.0018,3.3936,0.0,0
97.49,89.64,1,0.2511,0,0.2988,0.0485,3.0537,0.0,0
98.65,89.78,1,0.2304,0,0.2624,0.0451,3.6381,0.0317,0
100.0,89.69,1,0.2242,0,0.2352,0.0497,1.9647,0.0,0
100.0,96.44,1,0.2795,0,0.2393,0.03,3.7011,0.0159,0
100.0,85.5,1,0.293,0,0.2496,0.0302,2.9438,0.0321,0
98.38,92.69,1,0.2556,0,0.2964,0.0192,3.9445,0.0162,0
99.85,90.09,1,0.2132,0,0.2087,0.0056,1.6446,0.034,0
100.0,93.25,1,0.2048,0,0.2086,0.0377,3.1085,0.046,0
98.74,98.86,1,0.2564,0,0.2012,0.0246,1.5744,0.0,0
100.0,92.02,1,0.2193,0,0.2167,0.0182,2.3202,0.0175,0
99.13,91.91,1,0.2168,0,0.2859,0.0438,1.5465,0.0286,0
100.0,95.22,1,0.2501,0,0.2599,0.0001,1.5039,0.0,0
100.0,94.34,1,0.2674,0,0.2009,0.0239,3.0243,0.0,0
58.61,54.42,1,0.2323,0,0.2499,0.0326,2.3733,0.6611,1
97.56,93.17,1,0.2549,0,0.2649,0.0002,2.4529,0.0,0
100.0,91.41,1,0.2453,0,0.2911,0.0364,2.2698,0.0,0
70.4,67.24,1,0.2465,0,0.2285,0.0083,3.9474,0.6262,1
99.18,88.53,1,0.2562,0,0.2007,0.0423,1.9293,0.0,0
97.7,95.05,1,0.2038,0,0.2951,0.0382,2.2786,0.0395,0
99.99,86.04,1,0.241,0,0.2051,0.007,2.0437,0.0,0
98.06,98.74,1,0.2933,0,0.2404,0.0287,2.9689,0.0,0
100.0,94.98,1,0.2399,0,0.275,0.0379,3.1944,0.0347,0
99.56,92.12,1,0.2149,0,0.2704,0.0015,3.4014,0.0133,0
100.0,90.37,1,0.2195,0,0.2918,0.0272,2.6509,0.0,0
98.87,95.94,1,0.2449,0,0.2287,0.0025,3.257,0.0,0
100.0,88.72,1,0.2839,0,0.2954,0.031,3.4977,0.0162,0
98.57,89.43,1,0.2466,0,0.2284,0.0441,3.0827,0.0394,0
100.0,97.02,1,0.2864,0,0.2444,0.0197,2.873,0.0,0
100.0,94.1,1,0.2252,0,0.2898,0.0218,3.6681,0.029,0
100.0,91.25,1,0.2011,0,0.2734,0.0489,3.0791,0.0,0
98.56,94.63,1,0.2915,0,0.2212,0.0228,2.8252,0.0475,0
98.85,94.61,1,0.2546,0,0.2762,0.0143,2.9558,0.0057,0
100.0,90.31,1,0.2001,0,0.205,0.0498,2.4032,0.049,0
98.41,97.39,1,0.2215,0,0.2116,0.034,2.8865,0.0129,0
99.39,94.02,1,0.2535,0,0.2143,0.0291,2.5465,0.0,0
98.54,89.63,1,0.2565,0,0.246,0.033,3.782,0.0361,0
100.0,99.69,1,0.2871,0,0.2293,0.0395,3.8337,0.0,0
100.0,97.46,1,0.2451,0,0.2284,0.0019,2.6861,0.0,0
100.0,92.16,1,0.2385,0,0.2128,0.01,3.2681,0.0186,0
100.0,85.36,1,0.2252,0,0.2635,0.0018,3.1102,0.001,0
97.3,97.43,1,0.2524,0,0.2368,0.015,3.2922,0.0016,0
98.86,96.98,1,0.2151,0,0.2059,0.0379,2.9033,0.0,0
97.13,94.59,1,0.2903,0,0.233,0.0202,3.1978,0.0059,0
97.59,91.22,1,0.2248,0,0.2674,0.0348,2.9472,0.0,0
100.0,91.36,1,0.229,0,0.2098,0.0153,3.2843,0.0,0
98.3,93.58,1,0.2466,0,0.2521,0.0491,3.7901,0.0,0
100.0,90.36,1,0.2094,0,0.234,0.0046,2.8894,0.0225,0
100.0,91.89,1,0.2865,0,0.2845,0.0288,3.4585,0.0,0
98.27,89.16,1,0.2839,0,0.2728,0.0301,2.395,0.0416,0
100.0,92.83,1,0.2859,0,0.2301,0.0365,1.888,0.0,0
99.4,96.44,1,0.2648,0,0.2779,0.0006,3.7243,0.0,0
99.88,97.41,1,0.2246,0,0.2465,0.0131,3.2728,0.0,0
97.72,93.23,1,0.2671,0,0.2386,0.0222,1.962,0.0136,0
98.67,96.16,1,0.231,0,0.2685,0.0263,2.388,0.0,0
100.0,95.49,1,0.255,0,0.2971,0.0033,2.4262,0.0117,0
100.0,95.22,1,0.2659,0,0.2362,0.0408,1.9058,0.0,0
99.03,86.58,1,0.2778,0,0.2428,0.0067,1.7082,0.0079,0
80.92,58.56,1,0.2977,0,0.2935,0.0288,32.494,0.6239,1
100.0,94.35,1,0.2137,0,0.2063,0.0164,2.9799,0.0406,0
97.23,85.24,1,0.2356,0,0.2471,0.025,2.6844,0.0,0
100.0,86.71,1,0.2982,0,0.2196,0.0023,2.754,0.0068,0
100.0,90.46,1,0.2794,0,0.2258,0.0423,2.2496,0.0,0
100.0,99.33,1,0.2086,0,0.2451,0.014,3.3596,0.0,0
97.75,95.57,1,0.2893,0,0.2615,0.0145,3.5048,0.0,0
100.0,94.16,1,0.2095,0,0.2242,0.0215,3.6256,0.0047,0
100.0,90.92,1,0.2119,0,0.2588,0.0134,2.9688,0.0021,0
100.0,96.51,1,0.2441,0,0.2369,0.0291,3.7618,0.0393,0
97.96,90.23,1,0.2258,0,0.2587,0.0432,1.8459,0.0457,0
99.68,95.53,1,0.262,0,0.2143,0.0221,3.0435,0.0465,0
97.02,93.35,1,0.2602,0,0.2938,0.0056,2.9043,0.0,0
97.8,94.33,1,0.2913,0,0.2613,0.0438,2.6089,0.0324,0
100.0,93.43,1,0.271,0,0.2036,0.0261,2.8716,0.0,0
100.0,95.11,1,0.2077,0,0.2686,0.048,1.6639,0.0062,0
99.21,98.59,1,0.244,0,0.2589,0.0436,3.2801,0.0264,0
99.78,93.75,1,0.2601,0,0.2429,0.0434,2.654,0.0284,0
100.0,93.19,1,0.2019,0,0.2542,0.0061,3.5645,0.0,0
99.72,91.17,1,0.2533,0,0.264,0.0262,3.3913,0.0498,0
97.97,91.82,1,0.2927,0,0.2377,0.0424,3.3947,0.0511,0
53.96,63.77,1,0.2745,0,0.2993,0.0394,2.2359,0.6676,1
99.68,94.02,1,0.2304,0,0.2244,0.0262,3.1231,0.0008,0
100.0,86.64,1,0.2684,0,0.2115,0.0497,3.5018,0.0314,0
100.0,88.51,1,0.2505,0,0.2261,0.0459,2.9068,0.0148,0
100.0,85.7,1,0.2811,0,0.2168,0.0212,1.8504,0.0,0
100.0,92.43,1,0.2436,0,0.2328,0.0118,3.3659,0.0252,0
100.0,93.25,1,0.2312,0,0.2591,0.019,3.5935,0.0,0
100.0,98.8,1,0.29,0,0.2837,0.0141,1.792,0.0,0
98.47,98.56,1,0.2727,0,0.2138,0.0325,2.6565,0.0,0
97.89,88.64,1,0.212,0,0.2367,0.0353,1.9263,0.0,0
100.0,98.97,1,0.2962,0,0.2177,0.0069,2.9216,0.0,0
99.92,93.7,1,0.2166,0,0.2587,0.0144,3.8818,0.0007,0
98.52,95.52,1,0.2923,0,0.2728,0.0467,1.5497,0.0,0
97.77,98.22,1,0.2055,0,0.2467,0.0318,1.9877,0.0,0
100.0,91.52,1,0.2342,0,0.2009,0.0349,2.4101,0.0165,0
99.65,88.65,1,0.2736,0,0.2858,0.0024,1.7568,0.0,0
97.08,87.81,1,0.2774,0,0.2954,0.0207,2.0625,0.0,0
97.28,85.59,1,0.2128,0,0.2334,0.0475,3.2705,0.0,0
97.6,96.81,1,0.2335,0,0.2424,0.0394,1.5298,0.0,0
